id,source_key,year_published,data_type,gi_scope,gi,gi_low,gi_high,m_h2_kg_per_tank,m_h2_basis,n_tanks,m_h2_kg_aircraft,diameter_m,volume_m3,insulation,wall_material,tech_year,aircraft_class,conditions,notes,confidence,url
FZ-regional-afttank1-2026,flyzero_cryo,2022,projection,tank,0.57,,,579,estimated,2,1158,,,vacuum/MLI,aluminium,2026,regional,"TRL6 year 2026; FlyZero tank-only definition (excl. pumps, sensors, pipework)",FlyZero regional aft tank 1. equal split of design-mission LH2 over 2 aft tanks (estimated). m_h2_kg_aircraft is design-mission fuel (tank capacity is larger).,high (GI) / low (per-tank mass),https://www.ati.org.uk/wp-content/uploads/2022/03/FZO-PPN-COM-0027-Cryogenic-Hydrogen-Fuel-System-and-Storage-Roadmap-Report.pdf
FZ-regional-afttank1-2030,flyzero_cryo,2022,projection,tank,0.75,,,579,estimated,2,1158,,,vacuum/MLI,composite,2030,regional,"TRL6 year 2026; FlyZero tank-only definition (excl. pumps, sensors, pipework)",FlyZero regional aft tank 1. equal split of design-mission LH2 over 2 aft tanks (estimated). m_h2_kg_aircraft is design-mission fuel (tank capacity is larger).,high (GI) / low (per-tank mass),https://www.ati.org.uk/wp-content/uploads/2022/03/FZO-PPN-COM-0027-Cryogenic-Hydrogen-Fuel-System-and-Storage-Roadmap-Report.pdf
FZ-regional-afttank1-2050,flyzero_cryo,2022,projection,tank,0.75,,,579,estimated,2,1158,,,vacuum/MLI,composite (improved foam k and density),2050,regional,"TRL6 year 2026; FlyZero tank-only definition (excl. pumps, sensors, pipework)",FlyZero regional aft tank 1. equal split of design-mission LH2 over 2 aft tanks (estimated). m_h2_kg_aircraft is design-mission fuel (tank capacity is larger).,high (GI) / low (per-tank mass),https://www.ati.org.uk/wp-content/uploads/2022/03/FZO-PPN-COM-0027-Cryogenic-Hydrogen-Fuel-System-and-Storage-Roadmap-Report.pdf
FZ-regional-afttank2-2026,flyzero_cryo,2022,projection,tank,0.54,,,579,estimated,2,1158,,,vacuum/MLI,aluminium,2026,regional,"TRL6 year 2026; FlyZero tank-only definition (excl. pumps, sensors, pipework)",FlyZero regional aft tank 2. equal split of design-mission LH2 over 2 aft tanks (estimated). m_h2_kg_aircraft is design-mission fuel (tank capacity is larger).,high (GI) / low (per-tank mass),https://www.ati.org.uk/wp-content/uploads/2022/03/FZO-PPN-COM-0027-Cryogenic-Hydrogen-Fuel-System-and-Storage-Roadmap-Report.pdf
FZ-regional-afttank2-2030,flyzero_cryo,2022,projection,tank,0.72,,,579,estimated,2,1158,,,vacuum/MLI,composite,2030,regional,"TRL6 year 2026; FlyZero tank-only definition (excl. pumps, sensors, pipework)",FlyZero regional aft tank 2. equal split of design-mission LH2 over 2 aft tanks (estimated). m_h2_kg_aircraft is design-mission fuel (tank capacity is larger).,high (GI) / low (per-tank mass),https://www.ati.org.uk/wp-content/uploads/2022/03/FZO-PPN-COM-0027-Cryogenic-Hydrogen-Fuel-System-and-Storage-Roadmap-Report.pdf
FZ-regional-afttank2-2050,flyzero_cryo,2022,projection,tank,0.72,,,579,estimated,2,1158,,,vacuum/MLI,composite (improved foam k and density),2050,regional,"TRL6 year 2026; FlyZero tank-only definition (excl. pumps, sensors, pipework)",FlyZero regional aft tank 2. equal split of design-mission LH2 over 2 aft tanks (estimated). m_h2_kg_aircraft is design-mission fuel (tank capacity is larger).,high (GI) / low (per-tank mass),https://www.ati.org.uk/wp-content/uploads/2022/03/FZO-PPN-COM-0027-Cryogenic-Hydrogen-Fuel-System-and-Storage-Roadmap-Report.pdf
FZ-narrowbody-afttank1-2026,flyzero_cryo,2022,projection,tank,0.67,,,1952,estimated,2,3903,,,foam,aluminium,2026,narrowbody,"TRL6 year 2026; FlyZero tank-only definition (excl. pumps, sensors, pipework)",FlyZero narrowbody aft tank 1. equal split of design-mission LH2 over 2 aft tanks (estimated). m_h2_kg_aircraft is design-mission fuel (tank capacity is larger).,high (GI) / low (per-tank mass),https://www.ati.org.uk/wp-content/uploads/2022/03/FZO-PPN-COM-0027-Cryogenic-Hydrogen-Fuel-System-and-Storage-Roadmap-Report.pdf
FZ-narrowbody-afttank1-2030,flyzero_cryo,2022,projection,tank,0.76,,,1952,estimated,2,3903,,,foam,composite,2030,narrowbody,"TRL6 year 2026; FlyZero tank-only definition (excl. pumps, sensors, pipework)",FlyZero narrowbody aft tank 1. equal split of design-mission LH2 over 2 aft tanks (estimated). m_h2_kg_aircraft is design-mission fuel (tank capacity is larger).,high (GI) / low (per-tank mass),https://www.ati.org.uk/wp-content/uploads/2022/03/FZO-PPN-COM-0027-Cryogenic-Hydrogen-Fuel-System-and-Storage-Roadmap-Report.pdf
FZ-narrowbody-afttank1-2050,flyzero_cryo,2022,projection,tank,0.77,,,1952,estimated,2,3903,,,foam,composite (improved foam k and density),2050,narrowbody,"TRL6 year 2026; FlyZero tank-only definition (excl. pumps, sensors, pipework)",FlyZero narrowbody aft tank 1. equal split of design-mission LH2 over 2 aft tanks (estimated). m_h2_kg_aircraft is design-mission fuel (tank capacity is larger).,high (GI) / low (per-tank mass),https://www.ati.org.uk/wp-content/uploads/2022/03/FZO-PPN-COM-0027-Cryogenic-Hydrogen-Fuel-System-and-Storage-Roadmap-Report.pdf
FZ-narrowbody-afttank2-2026,flyzero_cryo,2022,projection,tank,0.63,,,1952,estimated,2,3903,,,foam,aluminium,2026,narrowbody,"TRL6 year 2026; FlyZero tank-only definition (excl. pumps, sensors, pipework)",FlyZero narrowbody aft tank 2. equal split of design-mission LH2 over 2 aft tanks (estimated). m_h2_kg_aircraft is design-mission fuel (tank capacity is larger).,high (GI) / low (per-tank mass),https://www.ati.org.uk/wp-content/uploads/2022/03/FZO-PPN-COM-0027-Cryogenic-Hydrogen-Fuel-System-and-Storage-Roadmap-Report.pdf
FZ-narrowbody-afttank2-2030,flyzero_cryo,2022,projection,tank,0.72,,,1952,estimated,2,3903,,,foam,composite,2030,narrowbody,"TRL6 year 2026; FlyZero tank-only definition (excl. pumps, sensors, pipework)",FlyZero narrowbody aft tank 2. equal split of design-mission LH2 over 2 aft tanks (estimated). m_h2_kg_aircraft is design-mission fuel (tank capacity is larger).,high (GI) / low (per-tank mass),https://www.ati.org.uk/wp-content/uploads/2022/03/FZO-PPN-COM-0027-Cryogenic-Hydrogen-Fuel-System-and-Storage-Roadmap-Report.pdf
FZ-narrowbody-afttank2-2050,flyzero_cryo,2022,projection,tank,0.73,,,1952,estimated,2,3903,,,foam,composite (improved foam k and density),2050,narrowbody,"TRL6 year 2026; FlyZero tank-only definition (excl. pumps, sensors, pipework)",FlyZero narrowbody aft tank 2. equal split of design-mission LH2 over 2 aft tanks (estimated). m_h2_kg_aircraft is design-mission fuel (tank capacity is larger).,high (GI) / low (per-tank mass),https://www.ati.org.uk/wp-content/uploads/2022/03/FZO-PPN-COM-0027-Cryogenic-Hydrogen-Fuel-System-and-Storage-Roadmap-Report.pdf
FZ-midsize-afttank-2026,flyzero_cryo,2022,projection,tank,0.82,,,11160,estimated,3,16743,,,foam,aluminium,2026,midsize,"TRL6 year 2026; FlyZero tank-only definition (excl. pumps, sensors, pipework)",FlyZero midsize aft tank. assumed aft tank holds ~2/3 of LH2 (estimated; FlyZero gives no split). m_h2_kg_aircraft is design-mission fuel (tank capacity is larger).,high (GI) / low (per-tank mass),https://www.ati.org.uk/wp-content/uploads/2022/03/FZO-PPN-COM-0027-Cryogenic-Hydrogen-Fuel-System-and-Storage-Roadmap-Report.pdf
FZ-midsize-afttank-2030,flyzero_cryo,2022,projection,tank,0.89,,,11160,estimated,3,16743,,,foam,composite,2030,midsize,"TRL6 year 2026; FlyZero tank-only definition (excl. pumps, sensors, pipework)",FlyZero midsize aft tank. assumed aft tank holds ~2/3 of LH2 (estimated; FlyZero gives no split). m_h2_kg_aircraft is design-mission fuel (tank capacity is larger).,high (GI) / low (per-tank mass),https://www.ati.org.uk/wp-content/uploads/2022/03/FZO-PPN-COM-0027-Cryogenic-Hydrogen-Fuel-System-and-Storage-Roadmap-Report.pdf
FZ-midsize-afttank-2050,flyzero_cryo,2022,projection,tank,0.9,,,11160,estimated,3,16743,,,foam,composite (improved foam k and density),2050,midsize,"TRL6 year 2026; FlyZero tank-only definition (excl. pumps, sensors, pipework)",FlyZero midsize aft tank. assumed aft tank holds ~2/3 of LH2 (estimated; FlyZero gives no split). m_h2_kg_aircraft is design-mission fuel (tank capacity is larger).,high (GI) / low (per-tank mass),https://www.ati.org.uk/wp-content/uploads/2022/03/FZO-PPN-COM-0027-Cryogenic-Hydrogen-Fuel-System-and-Storage-Roadmap-Report.pdf
FZ-midsize-deltatank-2026,flyzero_cryo,2022,projection,tank,0.45,,,2790,estimated,3,16743,,,foam,aluminium,2026,midsize,"TRL6 year 2026; FlyZero tank-only definition (excl. pumps, sensors, pipework)",FlyZero midsize delta tank. assumed 2 forward delta tanks share ~1/3 of LH2 (estimated); boxed geometry penalised. m_h2_kg_aircraft is design-mission fuel (tank capacity is larger).,high (GI) / low (per-tank mass),https://www.ati.org.uk/wp-content/uploads/2022/03/FZO-PPN-COM-0027-Cryogenic-Hydrogen-Fuel-System-and-Storage-Roadmap-Report.pdf
FZ-midsize-deltatank-2030,flyzero_cryo,2022,projection,tank,0.65,,,2790,estimated,3,16743,,,foam,composite,2030,midsize,"TRL6 year 2026; FlyZero tank-only definition (excl. pumps, sensors, pipework)",FlyZero midsize delta tank. assumed 2 forward delta tanks share ~1/3 of LH2 (estimated); boxed geometry penalised. m_h2_kg_aircraft is design-mission fuel (tank capacity is larger).,high (GI) / low (per-tank mass),https://www.ati.org.uk/wp-content/uploads/2022/03/FZO-PPN-COM-0027-Cryogenic-Hydrogen-Fuel-System-and-Storage-Roadmap-Report.pdf
FZ-midsize-deltatank-2050,flyzero_cryo,2022,projection,tank,0.66,,,2790,estimated,3,16743,,,foam,composite (improved foam k and density),2050,midsize,"TRL6 year 2026; FlyZero tank-only definition (excl. pumps, sensors, pipework)",FlyZero midsize delta tank. assumed 2 forward delta tanks share ~1/3 of LH2 (estimated); boxed geometry penalised. m_h2_kg_aircraft is design-mission fuel (tank capacity is larger).,high (GI) / low (per-tank mass),https://www.ati.org.uk/wp-content/uploads/2022/03/FZO-PPN-COM-0027-Cryogenic-Hydrogen-Fuel-System-and-Storage-Roadmap-Report.pdf
FZ-regional-total-2026,flyzero_cryo,2022,projection,system,0.47,,,,stated,,1158,,,vacuum/MLI,aluminium,2026,regional,FlyZero total GI = fuel/(fuel + fuel system + empty tanks),"Aircraft-level total incl. fuel system equipment, pipework, active cooling if fitted. Pair with tank rows to back out fuel-system mass fraction.",high,https://www.ati.org.uk/wp-content/uploads/2022/03/FZO-PPN-COM-0027-Cryogenic-Hydrogen-Fuel-System-and-Storage-Roadmap-Report.pdf
FZ-regional-total-2030,flyzero_cryo,2022,projection,system,0.61,,,,stated,,1158,,,vacuum/MLI,composite,2030,regional,FlyZero total GI = fuel/(fuel + fuel system + empty tanks),"Aircraft-level total incl. fuel system equipment, pipework, active cooling if fitted. Pair with tank rows to back out fuel-system mass fraction.",high,https://www.ati.org.uk/wp-content/uploads/2022/03/FZO-PPN-COM-0027-Cryogenic-Hydrogen-Fuel-System-and-Storage-Roadmap-Report.pdf
FZ-regional-total-2050,flyzero_cryo,2022,projection,system,0.64,,,,stated,,1158,,,vacuum/MLI,composite (improved foam k and density),2050,regional,FlyZero total GI = fuel/(fuel + fuel system + empty tanks),"Aircraft-level total incl. fuel system equipment, pipework, active cooling if fitted. Pair with tank rows to back out fuel-system mass fraction.",high,https://www.ati.org.uk/wp-content/uploads/2022/03/FZO-PPN-COM-0027-Cryogenic-Hydrogen-Fuel-System-and-Storage-Roadmap-Report.pdf
FZ-narrowbody-total-2026,flyzero_cryo,2022,projection,system,0.58,,,,stated,,3903,,,foam,aluminium,2026,narrowbody,FlyZero total GI = fuel/(fuel + fuel system + empty tanks),"Aircraft-level total incl. fuel system equipment, pipework, active cooling if fitted. Pair with tank rows to back out fuel-system mass fraction.",high,https://www.ati.org.uk/wp-content/uploads/2022/03/FZO-PPN-COM-0027-Cryogenic-Hydrogen-Fuel-System-and-Storage-Roadmap-Report.pdf
FZ-narrowbody-total-2030,flyzero_cryo,2022,projection,system,0.66,,,,stated,,3903,,,foam,composite,2030,narrowbody,FlyZero total GI = fuel/(fuel + fuel system + empty tanks),"Aircraft-level total incl. fuel system equipment, pipework, active cooling if fitted. Pair with tank rows to back out fuel-system mass fraction.",high,https://www.ati.org.uk/wp-content/uploads/2022/03/FZO-PPN-COM-0027-Cryogenic-Hydrogen-Fuel-System-and-Storage-Roadmap-Report.pdf
FZ-narrowbody-total-2050,flyzero_cryo,2022,projection,system,0.69,,,,stated,,3903,,,foam,composite (improved foam k and density),2050,narrowbody,FlyZero total GI = fuel/(fuel + fuel system + empty tanks),"Aircraft-level total incl. fuel system equipment, pipework, active cooling if fitted. Pair with tank rows to back out fuel-system mass fraction.",high,https://www.ati.org.uk/wp-content/uploads/2022/03/FZO-PPN-COM-0027-Cryogenic-Hydrogen-Fuel-System-and-Storage-Roadmap-Report.pdf
FZ-midsize-total-2026,flyzero_cryo,2022,projection,system,0.58,,,,stated,,16743,,,foam,aluminium,2026,midsize,FlyZero total GI = fuel/(fuel + fuel system + empty tanks),"Aircraft-level total incl. fuel system equipment, pipework, active cooling if fitted. Pair with tank rows to back out fuel-system mass fraction.",high,https://www.ati.org.uk/wp-content/uploads/2022/03/FZO-PPN-COM-0027-Cryogenic-Hydrogen-Fuel-System-and-Storage-Roadmap-Report.pdf
FZ-midsize-total-2030,flyzero_cryo,2022,projection,system,0.72,,,,stated,,16743,,,foam,composite,2030,midsize,FlyZero total GI = fuel/(fuel + fuel system + empty tanks),"Aircraft-level total incl. fuel system equipment, pipework, active cooling if fitted. Pair with tank rows to back out fuel-system mass fraction.",high,https://www.ati.org.uk/wp-content/uploads/2022/03/FZO-PPN-COM-0027-Cryogenic-Hydrogen-Fuel-System-and-Storage-Roadmap-Report.pdf
FZ-midsize-total-2050,flyzero_cryo,2022,projection,system,0.75,,,,stated,,16743,,,foam,composite (improved foam k and density),2050,midsize,FlyZero total GI = fuel/(fuel + fuel system + empty tanks),"Aircraft-level total incl. fuel system equipment, pipework, active cooling if fitted. Pair with tank rows to back out fuel-system mass fraction.",high,https://www.ati.org.uk/wp-content/uploads/2022/03/FZO-PPN-COM-0027-Cryogenic-Hydrogen-Fuel-System-and-Storage-Roadmap-Report.pdf
FZ-energy-2021,flyzero_energy,2021,design_study,tank,0.6,,,,,,,,,,,2030,generic,"1.5 bar, 20 K",'Conservative assumption based on the sizing methods used in Brewer'. Early FlyZero screening value.,medium,https://www.ati.org.uk/wp-content/uploads/2021/09/FZ_0_6.1-Primary-Energy-Source-Comparison-and-Selection-FINAL-230921.pdf
HU21-100m3-foam,huete2021,2021,design_study,tank,0.66,,,6128,stated,1,,4.0,100,foam (310 mm PU),aluminium,2021,reference tank,max pressure 404 kPa; L=9.3 m cylinder + hemispheres; 5% ullage,Tank mass 3079 kg.,high,https://dspace.lib.cranfield.ac.uk/server/api/core/bitstreams/e8e2178c-12b3-4295-aeff-a39e32ebeb8e/content
HU21-100m3-MLI,huete2021,2021,design_study,tank,0.643,,,6128,stated,1,,4.0,100,"MLI vacuum (127 mm), stiffened panels",aluminium,2021,reference tank,max pressure 210 kPa,Tank mass 3554 kg.,high,https://dspace.lib.cranfield.ac.uk/server/api/core/bitstreams/e8e2178c-12b3-4295-aeff-a39e32ebeb8e/content
HU21-sphere-MLI,huete2021,2021,design_study,tank,0.744,,,6405,stated,1,,5.76,100,MLI vacuum,aluminium,2021,reference tank,sphere r=2.88 m; 210 kPa,Tank mass 2199 kg. Upper bound on shape efficiency at this volume.,high,https://dspace.lib.cranfield.ac.uk/server/api/core/bitstreams/e8e2178c-12b3-4295-aeff-a39e32ebeb8e/content
HU21-0p5m,huete2021,2021,design_study,tank,0.1,,,15,estimated,,,0.5,,best of foam/MLI,aluminium,2021,very small,,Text: 'as low as 0.1 for 0.5 m tanks'. Mass estimated for L/D~3 (0.3 m3). Figure-read precision only.,medium (GI) / low (mass),https://dspace.lib.cranfield.ac.uk/server/api/core/bitstreams/e8e2178c-12b3-4295-aeff-a39e32ebeb8e/content
HU21-900m3,huete2021,2021,design_study,tank,0.75,0.7,0.8,54000,estimated,,,7.0,900,foam,aluminium,2021,very large,,Text: 'up to nearly 0.8 for very large tanks'; foam ~0.70+ at 900 m3. Mass = 0.85 fill x 71 kg/m3 x 900 m3.,low,https://dspace.lib.cranfield.ac.uk/server/api/core/bitstreams/e8e2178c-12b3-4295-aeff-a39e32ebeb8e/content
HU21-300m3,huete2021,2021,design_study,tank,0.7,0.66,0.74,18000,estimated,,,6.0,300,foam,aluminium,2021,large,,Text: tanks for ranges above regional give >0.66; foam superior to vacuum at 300 m3. GI interpolated between 100 m3 and 900 m3 values.,low,https://dspace.lib.cranfield.ac.uk/server/api/core/bitstreams/e8e2178c-12b3-4295-aeff-a39e32ebeb8e/content
HU22-0.45,huete2022,2022,projection,tank,0.45,,,6128,estimated,,,4.0,100,,,2022,widebody family (HVL*),,baseline (current conventional materials). Evaluated on 100 m3 reference tank; tech_year mapping for 2nd/3rd gen is my estimate.,medium,https://www.cambridge.org/core/journals/aeronautical-journal/article/impact-of-tank-gravimetric-efficiency-on-propulsion-system-integration-for-a-firstgeneration-hydrogen-civil-airliner/CC45233F25B8A29C5916BFDD552D2056
HU22-0.6,huete2022,2022,projection,tank,0.6,,,6128,estimated,,,4.0,100,,,2035,widebody family (HVL*),,first-generation EIS. Evaluated on 100 m3 reference tank; tech_year mapping for 2nd/3rd gen is my estimate.,medium,https://www.cambridge.org/core/journals/aeronautical-journal/article/impact-of-tank-gravimetric-efficiency-on-propulsion-system-integration-for-a-firstgeneration-hydrogen-civil-airliner/CC45233F25B8A29C5916BFDD552D2056
HU22-0.7,huete2022,2022,projection,tank,0.7,,,6128,estimated,,,4.0,100,,,2036,widebody family (HVL*),,feasible for EIS in 12-15 years (2034-2037). Evaluated on 100 m3 reference tank; tech_year mapping for 2nd/3rd gen is my estimate.,medium,https://www.cambridge.org/core/journals/aeronautical-journal/article/impact-of-tank-gravimetric-efficiency-on-propulsion-system-integration-for-a-firstgeneration-hydrogen-civil-airliner/CC45233F25B8A29C5916BFDD552D2056
HU22-0.75,huete2022,2022,projection,tank,0.75,,,6128,estimated,,,4.0,100,,,2050,widebody family (HVL*),,second/third generation. Evaluated on 100 m3 reference tank; tech_year mapping for 2nd/3rd gen is my estimate.,low,https://www.cambridge.org/core/journals/aeronautical-journal/article/impact-of-tank-gravimetric-efficiency-on-propulsion-system-integration-for-a-firstgeneration-hydrogen-civil-airliner/CC45233F25B8A29C5916BFDD552D2056
VE10-reg-single_PU_foam,verstraete2010,2010,design_study,tank,0.709,,,1150,derived,1,1150,3.0,,foam,aluminium,2010,"regional (32 pax, 2100 km)",integral tank; no hold period,Tank mass 473.4 kg. With a 2 h pre-takeoff hold GI drops ~4 points.,high,https://www.academia.edu/59226845/Hydrogen_fuel_tanks_for_subsonic_transport_aircraft
VE10-reg-single_Rohacell,verstraete2010,2010,design_study,tank,0.686,,,1150,derived,1,1150,3.0,,foam,aluminium,2010,"regional (32 pax, 2100 km)",integral tank; no hold period,Tank mass 526.0 kg. With a 2 h pre-takeoff hold GI drops ~4 points.,high,https://www.academia.edu/59226845/Hydrogen_fuel_tanks_for_subsonic_transport_aircraft
VE10-reg-single_MLI,verstraete2010,2010,design_study,tank,0.675,,,1150,derived,1,1150,3.0,,MLI,aluminium,2010,"regional (32 pax, 2100 km)",integral tank; no hold period,Tank mass 555.0 kg. With a 2 h pre-takeoff hold GI drops ~4 points.,high,https://www.academia.edu/59226845/Hydrogen_fuel_tanks_for_subsonic_transport_aircraft
VE10-reg-twin_3.0_m,verstraete2010,2010,design_study,tank,0.658,,,575,derived,2,1150,3.0,,foam,aluminium,2010,"regional (32 pax, 2100 km)",integral tank; no hold period,Tank mass 299.9 kg. With a 2 h pre-takeoff hold GI drops ~4 points.,high,https://www.academia.edu/59226845/Hydrogen_fuel_tanks_for_subsonic_transport_aircraft
VE10-reg-twin_2.5_m,verstraete2010,2010,design_study,tank,0.653,,,575,derived,2,1150,2.5,,foam,aluminium,2010,"regional (32 pax, 2100 km)",integral tank; no hold period,Tank mass 306.2 kg. With a 2 h pre-takeoff hold GI drops ~4 points.,high,https://www.academia.edu/59226845/Hydrogen_fuel_tanks_for_subsonic_transport_aircraft
VE10-reg-twin_2.0_m,verstraete2010,2010,design_study,tank,0.619,,,575,derived,2,1150,2.0,,foam,aluminium,2010,"regional (32 pax, 2100 km)",integral tank; no hold period,Tank mass 354.3 kg. With a 2 h pre-takeoff hold GI drops ~4 points.,high,https://www.academia.edu/59226845/Hydrogen_fuel_tanks_for_subsonic_transport_aircraft
VE10-LR-15t,verstraete2010,2010,design_study,tank,0.764,,,15000,stated,1,15000,7.5,,foam,aluminium,2010,"very large LR (400-550 pax, 7500 nm)",integral tank,Tank mass 4667 kg. n_tanks=1 inferred from tank length vs volume; diameter ~7.6-8.5 m fuselage.,high (GI) / medium (per-tank),https://www.academia.edu/59226845/Hydrogen_fuel_tanks_for_subsonic_transport_aircraft
VE10-LR-20t,verstraete2010,2010,design_study,tank,0.769,,,20000,stated,1,20000,7.5,,foam,aluminium,2010,"very large LR (400-550 pax, 7500 nm)",integral tank,Tank mass 6018 kg. n_tanks=1 inferred from tank length vs volume; diameter ~7.6-8.5 m fuselage.,high (GI) / medium (per-tank),https://www.academia.edu/59226845/Hydrogen_fuel_tanks_for_subsonic_transport_aircraft
VE10-LR-25t,verstraete2010,2010,design_study,tank,0.78,,,25000,stated,1,25000,7.5,,foam,aluminium,2010,"very large LR (400-550 pax, 7500 nm)",integral tank,Tank mass 7083 kg. n_tanks=1 inferred from tank length vs volume; diameter ~7.6-8.5 m fuselage.,high (GI) / medium (per-tank),https://www.academia.edu/59226845/Hydrogen_fuel_tanks_for_subsonic_transport_aircraft
VE10-LR-30t,verstraete2010,2010,design_study,tank,0.78,,,30000,stated,1,30000,7.5,,foam,aluminium,2010,"very large LR (400-550 pax, 7500 nm)",integral tank,Tank mass 8491 kg. n_tanks=1 inferred from tank length vs volume; diameter ~7.6-8.5 m fuselage.,high (GI) / medium (per-tank),https://www.academia.edu/59226845/Hydrogen_fuel_tanks_for_subsonic_transport_aircraft
VE10-LR-35t,verstraete2010,2010,design_study,tank,0.785,,,35000,stated,1,35000,7.5,,foam,aluminium,2010,"very large LR (400-550 pax, 7500 nm)",integral tank,Tank mass 9612 kg. n_tanks=1 inferred from tank length vs volume; diameter ~7.6-8.5 m fuselage.,high (GI) / medium (per-tank),https://www.academia.edu/59226845/Hydrogen_fuel_tanks_for_subsonic_transport_aircraft
JA23-NACA1955,jagtap2023,2023,design_study,tank,0.88,,,,,,,,,foam,aluminium or steel,,high-altitude reconnaissance,,"Secondary (Jagtap Table SI 1): Integral, stainless steel + foam. No mass given; use as ceiling evidence only.",medium,https://engrxiv.org/preprint/download/4285/7844/6473
JA23-Brewer-nonintegral,jagtap2023,2023,design_study,tank,0.9,,,,,,,,,foam,aluminium or steel,,generic cylindrical,,"Secondary (Jagtap Table SI 1): Brewer 1991 / Verstraete 2009, non-integral Al + foam. No mass given; use as ceiling evidence only.",medium,https://engrxiv.org/preprint/download/4285/7844/6473
JA23-Gomez2019,jagtap2023,2023,design_study,tank,0.785,0.74,0.83,,,,,,,foam,aluminium or steel,,long-range 197 pax,,"Secondary (Jagtap Table SI 1): Gomez & Smith 2019, integral Al + PU. No mass given; use as ceiling evidence only.",medium,https://engrxiv.org/preprint/download/4285/7844/6473
JA23-Brewer1991-LR,jagtap2023,2023,design_study,tank,0.84,,,,,,,,,foam,aluminium or steel,,long-range 400 pax,,"Secondary (Jagtap Table SI 1): Brewer 1991 / Gomez 2019, integral Al + foam. No mass given; use as ceiling evidence only.",medium,https://engrxiv.org/preprint/download/4285/7844/6473
MK20-commuter,mckinsey2020,2020,target,system,0.25,,,40.0,estimated,2,80,,,vacuum/MLI (double wall),,2028,commuter 19 pax 500 km,,Target GI in report exhibits; EIS <10 y from 2020. LH2 mass is my estimate (scaled from FlyZero design-mission fuel). 12 kWh/kg ~ GI 35%.,"high (GI) / low (mass, year)",https://www.clean-hydrogen.europa.eu/system/files/2020-06/20200507_Hydrogen%2520Powered%2520Aviation%2520report_FINAL%2520web%2520%2528ID%25208706035%2529.pdf
MK20-regional,mckinsey2020,2020,target,system,0.3,,,400.0,estimated,2,800,,,vacuum/MLI (double wall),,2033,regional 80 pax 1000 km,,Target GI in report exhibits; EIS 10-15 y from 2020. LH2 mass is my estimate (scaled from FlyZero design-mission fuel). 12 kWh/kg ~ GI 35%.,"high (GI) / low (mass, year)",https://www.clean-hydrogen.europa.eu/system/files/2020-06/20200507_Hydrogen%2520Powered%2520Aviation%2520report_FINAL%2520web%2520%2528ID%25208706035%2529.pdf
MK20-short-range,mckinsey2020,2020,target,system,0.35,,,1250.0,estimated,2,2500,,,vacuum/MLI (double wall),,2035,short-range 165 pax 2000 km,,Target GI in report exhibits; EIS 15 y from 2020. LH2 mass is my estimate (scaled from FlyZero design-mission fuel). 12 kWh/kg ~ GI 35%.,"high (GI) / low (mass, year)",https://www.clean-hydrogen.europa.eu/system/files/2020-06/20200507_Hydrogen%2520Powered%2520Aviation%2520report_FINAL%2520web%2520%2528ID%25208706035%2529.pdf
MK20-medium-range,mckinsey2020,2020,target,system,0.37,,,5000.0,estimated,2,10000,,,vacuum/MLI (double wall),,2040,medium-range 250 pax 7000 km,,Target GI in report exhibits; EIS 20 y from 2020. LH2 mass is my estimate (scaled from FlyZero design-mission fuel). 12 kWh/kg ~ GI 35%.,"high (GI) / low (mass, year)",https://www.clean-hydrogen.europa.eu/system/files/2020-06/20200507_Hydrogen%2520Powered%2520Aviation%2520report_FINAL%2520web%2520%2528ID%25208706035%2529.pdf
MK20-long-range,mckinsey2020,2020,target,system,0.38,,,9500.0,estimated,2,19000,,,vacuum/MLI (double wall),,2043,long-range 325 pax 10000 km,,Target GI in report exhibits; EIS 20-25 y from 2020. LH2 mass is my estimate (scaled from FlyZero design-mission fuel). 12 kWh/kg ~ GI 35%.,"high (GI) / low (mass, year)",https://www.clean-hydrogen.europa.eu/system/files/2020-06/20200507_Hydrogen%2520Powered%2520Aviation%2520report_FINAL%2520web%2520%2528ID%25208706035%2529.pdf
MK20-state2020,mckinsey2020,2020,hardware_claim,system,0.2,,,40,estimated,,,,,,,2020,commuter,,'Latest concepts for commuter aircraft have a gravimetric index of up to 20 percent'. Report also asks for 50% tank mass cut vs current prototypes.,medium,https://www.clean-hydrogen.europa.eu/system/files/2020-06/20200507_Hydrogen%2520Powered%2520Aviation%2520report_FINAL%2520web%2520%2528ID%25208706035%2529.pdf
CAW21-state,ca_workshop2021,2021,hardware_claim,unclear,0.26,0.25,0.27,,,,,,,,,2021,regional/SR,,"'GI that can be reached (without any technological breakthrough) is 25-27%'. Al welded, vacuum insulated tanks.",medium,https://www.clean-aviation.eu/sites/default/files/2021-07/CA-CH%20workshop%20-%20key%20messages.pdf
CAW21-35,ca_workshop2021,2021,target,unclear,0.35,,,,,,,,,,,2035,SR,,35% from the McKinsey study 'considered feasible while the definition of the conditions is critical'.,medium,https://www.clean-aviation.eu/sites/default/files/2021-07/CA-CH%20workshop%20-%20key%20messages.pdf
IATA23-30,iata2023,2023,projection,unclear,0.3,,,,,,,,,,,2035,narrowbody,,"Milestone 'High gravimetric index of LH2 tanks demonstrated (GI > 30%)' placed ~2030-2040 on roadmap; lower bound, not point value.",medium (GI) / low (year),https://www.iata.org/contentassets/8d19e716636a47c184e7221c77563c93/aircraft-technology-net-zero-roadmap.pdf
ICCT22-range,icct2022,2022,projection,system,0.275,0.2,0.35,,,,,,,,,2035,regional to narrowbody,,Achievable fuel-system GI range swept by ICCT for 2035 evolutionary aircraft; 0.35 = mass-parity point.,medium,https://theicct.org/wp-content/uploads/2022/01/LH2-aircraft-white-paper-A4-v4.pdf
MIT23-base,mit2023,2023,projection,tank,0.35,,,,,,,,,,,2035,regional (Dash 8-400 retrofit),,Baseline assumption. Improved case 0.50.,medium,https://arxiv.org/pdf/2309.14629
MIT23-improved,mit2023,2023,projection,tank,0.5,,,,,,,,,,,2040,regional (Dash 8-400 retrofit),,Improved case; tech_year my estimate.,low (year),https://arxiv.org/pdf/2309.14629
MIT23-shuttle-PRSA,mit2023,2023,hardware_measured,tank,0.25,,,100,stated,,,,,,,1981,spacecraft (Shuttle on-board),,'25% has been achieved in shuttle on-board LH2 storage of 100 kg'. Long-dormancy supercritical storage; small-size hardware anchor.,medium,https://arxiv.org/pdf/2309.14629
MIT23-space-large,mit2023,2023,hardware_measured,tank,0.835,0.83,0.84,100000,estimated,,,,,,,2000,launcher (Shuttle ET class),,'83-84% achieved in large-scale space applications'. Minutes of dormancy; ceiling anchor only.,medium,https://arxiv.org/pdf/2309.14629
AM23-evol,adler2023,2023,projection,tank,0.325,0.25,0.4,,,,,,,,,2035,generic,,'Evolutionary improvements predicted 25%-40%'.,medium,https://www.sciencedirect.com/science/article/pii/S0376042123000386
AM23-revol,adler2023,2023,projection,tank,0.7,0.7,,,,,,,,,,2050,generic,,'Revolutionary improvements 70% or more'; also tipping point ~55% for H2 to beat kerosene with range.,medium,https://www.sciencedirect.com/science/article/pii/S0376042123000386
TI24-70,tiwari2024,2024,projection,tank,0.7,,,,,,,,,,,2035,SR-LR,,'A cryogenic fuel tank gravimetric efficiency of 70% or above is expected by 2035' (relies on FlyZero).,low,https://www.sciencedirect.com/science/article/pii/S0360319923065631
ONERA24-SA,onera2024,2024,design_study,system,0.35,,,4575,derived,2,9150,,60,vacuum + MLI,"Al 6061 inner, light alloy/composite outer",2035,single aisle (GRAVITHY),"12 h dormancy; 2 bar op, 4 bar vent; GI incl. distribution",Assumed GI; tank mass ~17 t for ~120 m3 -> m_H2 derived as 0.35/0.65 x 17 t.,medium,https://www.icas.org/icas_archive/icas2024/data/papers/icas2024_0826_paper.pdf
CAcall26-FTA07,ca_call_fta07,2026,requirement,tank,0.4,0.4,,800,stated,,,2.5,,,,2028,regional/SR,TRL4; dormancy >= 12 h; ~600 kg (fuel cell) or ~1000 kg (combustion) per tank; D 1.5-3.5 m,Clean Aviation call HORIZON-JU-CLEAN-AVIATION-2026-04-FTA-07 (max 24 months): GI 'no less than 40%'. Mass = midpoint of 600/1000.,high,https://www.fundingprogrammesportal.gov.cy/en/call/innovative-light-weight-and-reliable-liquid-hydrogen-tank-en-2026/
CAcall26-HPA02,ca_call_hpa02,2026,requirement,system,0.3,0.3,,600,estimated,,,,,,,2029,regional fuel cell,,"GI > 30% for entire onboard storage, supply and conditioning system (tank + piping + venting + conditioning).",high (GI) / low (mass),https://www.horizon-europe.gouv.fr/components-development-and-experimental-testing-onboard-liquid-hydrogen-supply-and-conditioning
OVERLEAF-SoA,overleaf,2022,hardware_claim,tank,0.2,,,500,stated,,,,,,,2022,SR/regional,,Project baseline: current technology achieves only 20% GI; industry needs >= 35%.,medium,https://cordis.europa.eu/project/id/101056818
OVERLEAF-target,overleaf,2022,target,tank,0.6,0.6,,500,stated,,,,,open-cell / low-pressure,thermoplastic composite,2025,SR/regional,,"Target >60% for 500 kg; project ended Oct 2025, TRL6 targeted 2028; achieved GI not published.",high (target) / unknown (achieved),https://cordis.europa.eu/project/id/101056818
COCO-demo1,cocolih2t2026,2026,hardware_measured,tank,0.16,,,57,stated,,,,1.1,vacuum,"thermoplastic/thermoset composite, linerless",2025,regional (ATR72-like tailcone),conformal; dormancy >24 h target,Estimated GI of Demonstrator 1 incl. SS pipes and interface plates (hardware-based estimate).,high,https://doi.org/10.3390/engproc2026133165
COCO-target,cocolih2t2026,2026,target,tank,0.25,,,57,stated,,,,1.1,vacuum,composite,2026,regional,,"Project KPI, TRL4.",high,https://doi.org/10.3390/engproc2026133165
GTL-19kg,gtl2024,2024,hardware_claim,tank,0.559,,,19,stated,,,0.71,,vacuum dewar,composite,2024,UAV/small,~1%/day boil-off; 21 h hold tested,Vendor claim: 15 kg tank holding 19 kg LH2 (28 x 53 in).,medium (vendor),https://www.businesswire.com/news/home/20240313965264/en/GTL-Announces-Pioneering-Validation-of-LH2-Composite-Dewar-Tanks-for-Aviation-Applications
GTL-50kg,gtl2024,2024,hardware_claim,tank,0.625,,,50,stated,,,,,vacuum dewar,composite,2024,small,,Vendor claim: 30 kg tank for 50 kg LH2; 'larger versions able to achieve over 70%'.,medium (vendor),https://www.businesswire.com/news/home/20240313965264/en/GTL-Announces-Pioneering-Validation-of-LH2-Composite-Dewar-Tanks-for-Aviation-Applications
UAV25-12L,uav2025,2025,hardware_measured,tank,0.24,,,0.88,derived,,,,0.012,vacuum,titanium,2025,UAV,,Five 12 L tanks at ~24%; empty mass 2.8 kg; 23-50 h total evaporation.,high,https://www.sciencedirect.com/science/article/pii/S0360319925049638
HALE09-est,nasa_hale2009,2009,design_study,tank,0.672,,,600,derived,2,,2.59,,vacuum/MLI (long endurance),,2009,HALE UAV,,645 lb estimated tank for 1323 lb LH2 per spherical tank; 10-16 day mission.,medium,https://ntrs.nasa.gov/api/citations/20090013674/downloads/20090013674.pdf
HALE09-goal,nasa_hale2009,2009,target,tank,0.807,,,600,derived,2,,2.59,,,,2015,HALE UAV,,Advanced-technology dry-mass goal 316 lb per tank.,medium,https://ntrs.nasa.gov/api/citations/20090013674/downloads/20090013674.pdf
SA22-100kg,saias2022,2022,design_study,tank,0.26,,,100,stated,,,,,MLI,Al 2014 liner / SS 304L outer,2022,rotorcraft,"1.45 bar, 0.1%/h boil-off",'26-34% for 100-500 kg'; endpoints paired with endpoints.,medium,https://www.sciencedirect.com/science/article/pii/S0360319922030099
SA22-500kg,saias2022,2022,design_study,tank,0.34,,,500,stated,,,,,MLI,Al 2014 liner / SS 304L outer,2022,rotorcraft,1.45 bar,See SA22-100kg.,medium,https://www.sciencedirect.com/science/article/pii/S0360319922030099
DLR26-range,dlr2026,2026,design_study,system,0.353,0.2536,0.4521,1225,stated,,,,,,,2040,short-range fuel cell,"surrogate over 750-1700 kg per tank, 2.2-3.0 m internal height, 1.5-3.0 bar venting","3570 converged designs; GI range spans all design parameters, not size alone. GI best near 2.0 bar vent. Full paper needs your approval to fetch (mdpi.com).",medium,https://doi.org/10.3390/hydrogen7030120
LI23-345kg,licheva2023,2023,design_study,tank,0.19,,,345,stated,,,2.0,,foam,Al 2219,2023,regional,"10 bar venting, ~10 h exposure",Tank+insulation ~1450-1500 kg (read from multi-tank case). Conservative long-exposure case.,low,https://www.icas.org/icas_archive/icas2024/data/papers/icas2024_0193_paper.pdf
MZ24-70.45,mazzoni2024,2024,design_study,tank,0.529,,,70.45,stated,,,,,MLI Mylar/Dacron,,2024,"regional (ATR-based, Leonardo)",,Optimized LH2 storage case study.,medium,https://iris.polito.it/retrieve/handle/11583/2994563/762669
MZ24-90.35,mazzoni2024,2024,design_study,tank,0.517,,,90.35,stated,,,,,MLI Mylar/Dacron,,2024,"regional (ATR-based, Leonardo)",,Optimized LH2 storage case study.,medium,https://iris.polito.it/retrieve/handle/11583/2994563/762669
MZ24-UAV-ref,mazzoni2024,2024,design_study,tank,0.264,,,2.26,stated,,,,,,,2024,UAV,,"Reference config, 6.3 kg empty tank.",medium,https://iris.polito.it/retrieve/handle/11583/2994563/762669
MZ24-UAV-MLI,mazzoni2024,2024,design_study,tank,0.319,,,2.26,stated,,,,,MLI,,2024,UAV,,Optimized.,medium,https://iris.polito.it/retrieve/handle/11583/2994563/762669
SV23-ATR42,svensson2023,2023,design_study,tank,0.535,,,198,derived,2,396,,3.0,,,2023,regional (ATR42-600),,"6 m3 H2 in two tanks, tank weight 342.4 kg total; m_H2 = 6 m3 x 71 x 0.93.",medium,https://www.icas.org/icas_archive/icas2024/data/papers/icas2024_1078_paper.pdf
SV23-single-range,svensson2023,2023,design_study,tank,0.41,0.32,0.5,700,estimated,,,,11,,,2023,regional,,Single tank GI ~0.32-0.50 over 2-20 m3 (vent pressure dependent). Not a clean size sweep.,low,https://www.icas.org/icas_archive/icas2024/data/papers/icas2024_1078_paper.pdf
WI18-cyl,winnefeld2018,2018,design_study,tank,0.66,0.64,0.68,1912,stated,,,,,foam,aluminium,2018,short/medium range,,Single cylindrical tank (phi=1). 4 tanks instead of 1: ~0.50-0.55.,medium,https://publikationen.bibliothek.kit.edu/1000159831/151025714
WI18-sphere,winnefeld2018,2018,design_study,tank,0.7,,,1912,stated,,,,,foam,aluminium,2018,short/medium range,,Spherical single tank.,medium,https://publikationen.bibliothek.kit.edu/1000159831/151025714
WI18-4tanks,winnefeld2018,2018,design_study,tank,0.525,0.5,0.55,478,derived,4,1912,,,foam,aluminium,2018,short/medium range,,Same fuel split over 4 cylindrical tanks: direct evidence of per-tank size effect.,medium,https://publikationen.bibliothek.kit.edu/1000159831/151025714
IZ25-tank,izea2025,2025,design_study,tank,0.67,,,875,stated,2,1750,,13,foam (5.3 cm PU),Al 2219,2025,BWB >100 pax,vent 1.36-1.74 bar,Optimal tank-only GI.,high,https://www.sciencedirect.com/science/article/pii/S0306261925007846
IZ25-system,izea2025,2025,design_study,system,0.62,,,875,stated,2,1750,,13,foam,Al 2219,2025,BWB >100 pax,,Incl. heat exchangers and thermal management.,high,https://www.sciencedirect.com/science/article/pii/S0306261925007846
SO25-allmetal,soton2025,2025,design_study,tank,0.2931,,,6400,estimated,,,,100,passive (sandwich core),metal (Ti outer),2025,SR/MR,2.5%/day boil-off,Mass = 0.9 fill x 71 x volume. Pressure-vessel sized; weak size effect between 37 and 100 m3.,high (GI) / low (mass),https://eprints.soton.ac.uk/509290/1/1-s2.0-S0360319925060458-main.pdf
SO25-composite,soton2025,2025,design_study,tank,0.5011,,,6400,estimated,,,,100,passive (sandwich core),sandwich composite,2025,SR/MR,2.5%/day boil-off,Mass = 0.9 fill x 71 x volume. Pressure-vessel sized; weak size effect between 37 and 100 m3.,high (GI) / low (mass),https://eprints.soton.ac.uk/509290/1/1-s2.0-S0360319925060458-main.pdf
SO25-composite-real,soton2025,2025,design_study,tank,0.4922,,,6400,estimated,,,,100,passive (sandwich core),sandwich composite + realistic features,2025,SR/MR,2.5%/day boil-off,Mass = 0.9 fill x 71 x volume. Pressure-vessel sized; weak size effect between 37 and 100 m3.,high (GI) / low (mass),https://eprints.soton.ac.uk/509290/1/1-s2.0-S0360319925060458-main.pdf
SO25-aft55,soton2025,2025,design_study,tank,0.486,,,3520,estimated,,,,55,passive (sandwich core),sandwich composite,2025,SR/MR,2.5%/day boil-off,Mass = 0.9 fill x 71 x volume. Pressure-vessel sized; weak size effect between 37 and 100 m3.,high (GI) / low (mass),https://eprints.soton.ac.uk/509290/1/1-s2.0-S0360319925060458-main.pdf
SO25-fwd37,soton2025,2025,design_study,tank,0.4841,,,2370,estimated,,,,37,passive (sandwich core),sandwich composite,2025,SR/MR,2.5%/day boil-off,Mass = 0.9 fill x 71 x volume. Pressure-vessel sized; weak size effect between 37 and 100 m3.,high (GI) / low (mass),https://eprints.soton.ac.uk/509290/1/1-s2.0-S0360319925060458-main.pdf
AE24-465kg,aerospace2024,2024,design_study,tank,0.41,,,465,stated,,,,,,,2024,small/regional,,"Tank mass 674 kg. Aerospace 2024, 11(2), 161.",medium,https://www2.mdpi.com/2226-4310/11/2/161
PA24-range,parello2024,2024,design_study,tank,0.7,0.55,0.85,4000,estimated,,,,,,,2024,A320-class,,"ISAE/ONERA DoE: adjusted GI 0.55-0.85; 7 cm insulation: 0.78 low pressure, 0.60 high pressure. Mass estimated.",low (mass),https://www.icas.org/icas_archive/icas2024/data/papers/icas2024_0439_paper.pdf
CH22-2050LR,chalmers2022,2022,design_study,tank,0.7,0.6,0.74,17500,derived,,,,,rigid PVC foam,,2050,long-range (A350-1000 class),,"G~0.7 excl. fairing, ~0.6 incl. fairing; tank+insulation = 35% of fuel mass. Study also states G>=0.5 required for long range.",medium,https://www.icas.org/icas_archive/ICAS2022/data/papers/ICAS2022_0496_paper.pdf
