id,component,metric,value,value_high,unit,unit_power_kw,year,year_type,status,rating_basis,mass_scope,technology,source_key,source_url,notes
em_r001,emotor,specific_power,2.17,,kW/kg,49.2,2020,certification,certified,continuous,motor only (22.7 kg; liquid cooled; controller excluded),PMSM axial flux (Pipistrel E-811),pipistrel_e811,https://flyer.co.uk/pipistrel-offers-type-certified-electric-motor-to-others,DERIVED: 49.2 kW max continuous / 22.7 kg. EASA TC 10 Jun 2020 (first certified electric aircraft engine). Mass from flyer.co.uk / kitplanes excerpt.
em_r002,emotor,specific_power,2.54,,kW/kg,57.6,2020,certification,certified,peak,motor only (22.7 kg),PMSM axial flux (Pipistrel E-811),pipistrel_e811,https://flyer.co.uk/pipistrel-offers-type-certified-electric-motor-to-others,DERIVED: 57.6 kW peak (takeoff) / 22.7 kg.
em_r003,emotor,max_unit_power_certified,49.2,,kW,49.2,2020,certification,certified,continuous,,PMSM axial flux (Pipistrel E-811),pipistrel_e811,https://electrive.com/2020/06/16/easa-certifies-their-first-electric-aircraft,EASA type certificate 10 June 2020; 57.6 kW peak. Only certified electric aircraft engine found as of the search date; magni350/650 have FAA special conditions only (no Part 33 TC found).
em_r004,emotor,specific_power,7.9,,kW/kg,1000,2022,ground_test,demonstrator,rated,generator/motor only (280 lb = 127 kg),"PM machine, Honeywell 1 MW generator (also usable as motor)",honeywell_1mw,https://www.avweb.com/aviation-news/honeywell-develops-compact-generator-for-hybrid-aircraft/,Honeywell states ~8 kW/kg. DERIVED 1000 kW/127 kg = 7.9. Ground-tested 2022 (first round of testing). Continuous vs peak not stated.
em_r005,emotor,efficiency,0.97,,-,1000,2022,ground_test,demonstrator,rated,machine only,"PM machine, Honeywell 1 MW generator",honeywell_1mw,https://futureflight.aero/news-article/2022-06-02/honeywell-reports-progress-one-mw-turbogenerator-tests,~97% stated by Honeywell.
em_r006,emotor,specific_power,2.0,3.0,kW/kg,,2022,review,state_of_art,rated,generator only,conventional aircraft generators (in service),honeywell_1mw,https://www.avweb.com/aviation-news/honeywell-develops-compact-generator-for-hybrid-aircraft/,Honeywell comparison: currently available aircraft generators 2-3 kW/kg (0.65-1 kW/lb). Useful as in-service baseline.
em_r007,emotor,efficiency,0.88,0.9,-,,2022,review,state_of_art,rated,generator only,conventional aircraft generators (in service),honeywell_1mw,https://www.avweb.com/aviation-news/honeywell-develops-compact-generator-for-hybrid-aircraft/,Honeywell comparison: existing generators 88-90% efficient.
em_r008,emotor,max_unit_power_demonstrated,1000,,kW,1000,2022,ground_test,demonstrator,rated,,Honeywell 1 MW generator,honeywell_1mw,https://futureflight.aero/news-article/2022-06-02/honeywell-reports-progress-one-mw-turbogenerator-tests,1 MW ground test reported June 2022.
em_r009,emotor,specific_power,7.1,,kW/kg,285,2023,product,product,peak,motor only (~40 kg),axial flux PM (Evolito D1500 2x3),evolito_d1500,https://newatlas.com/aircraft/evolito-axial-flux-aircraft-motors/,DERIVED: 285 kW peak / ~40 kg. Continuous rating not published in sources found. Year approximate (article date ~2023). >1000 h in-flight testing claimed for Evolito motors.
em_r010,emotor,specific_power,12,,kW/kg,,2026,program_goal,target,nominal,integrated motor + drive + thermal management (full powertrain),ARPA-E ASCEND phase 2,arpae_ascend_goal,https://engineering.tamu.edu/news/2023/02/texas-am-researchers-receive-5m-for-department-of-energy-project.html,ARPA-E ASCEND end-of-program (phase 2) goal: fully integrated all-electric powertrain >=12 kW/kg. Program launched 2022-2023; year = approximate end of phase 2 (assigned). Distinct from airbus_ascend.
em_r011,electric_chain,efficiency,0.93,,-,,2026,program_goal,target,nominal,integrated motor + drive + thermal management,ARPA-E ASCEND phase 2,arpae_ascend_goal,https://engineering.tamu.edu/news/2023/02/texas-am-researchers-receive-5m-for-department-of-energy-project.html,ARPA-E ASCEND goal >=93% efficiency for motor+drive (+cooling). Year assigned.
em_r012,inverter,specific_power,12,,kW/kg,,2035,program_goal,target,rated,"power electronics (>=1 kVA), active+passive; cooling scope not stated",NASA EAP power converter metric (minimum),nasa_eap_pe_metrics,https://www.nasa.gov/eap-technology/power-converters/,NASA EAP metric for >=1 kVA power electronics: minimum 12 kW/kg at 98.0%. Year assigned = NASA EAP 2035 EIS horizon. From search excerpt; nasa.gov fetch blocked.
em_r013,inverter,efficiency,0.98,,-,,2035,program_goal,target,rated,power electronics,NASA EAP power converter metric (minimum),nasa_eap_pe_metrics,https://www.nasa.gov/eap-technology/power-converters/,Minimum metric. Year assigned.
em_r014,inverter,specific_power,19,,kW/kg,,2035,program_goal,target,rated,power electronics,NASA EAP power converter metric (goal),nasa_eap_pe_metrics,https://www.nasa.gov/eap-technology/power-converters/,Goal 19 kW/kg at 99.0%. Year assigned.
em_r015,inverter,efficiency,0.99,,-,,2035,program_goal,target,rated,power electronics,NASA EAP power converter metric (goal),nasa_eap_pe_metrics,https://www.nasa.gov/eap-technology/power-converters/,Goal. Year assigned.
em_r016,inverter,specific_power,25,,kW/kg,,2035,program_goal,target,rated,power electronics,NASA EAP power converter metric (stretch),nasa_eap_pe_metrics,https://www.nasa.gov/eap-technology/power-converters/,Stretch 25 kW/kg at 99.5%. Year assigned.
em_r017,inverter,efficiency,0.995,,-,,2035,program_goal,target,rated,power electronics,NASA EAP power converter metric (stretch),nasa_eap_pe_metrics,https://www.nasa.gov/eap-technology/power-converters/,Stretch. Year assigned.
em_r018,inverter,specific_power,26,,kW/kg,,2035,program_goal,target,rated,converter,"cryogenic converter (Boeing, NASA NRA)",nasa_eap_pe_metrics,https://www.nasa.gov/eap-technology/power-converters/,"Boeing cryogenic converter goal 26 kW/kg, 99.3%. Year assigned."
em_r019,inverter,efficiency,0.993,,-,,2035,program_goal,target,rated,converter,"cryogenic converter (Boeing, NASA NRA)",nasa_eap_pe_metrics,https://www.nasa.gov/eap-technology/power-converters/,Year assigned.
em_r020,inverter,specific_power,19,,kW/kg,1000,2035,program_goal,target,rated,active components only,"SiC MW-class inverter (GE / UIUC, NASA NRA)",ge_sic_inverter,https://www.geaerospace.com/systems/electrical-power,GE goal: 99% peak efficiency and 19 kW/kg for active components (excl. passives/cooling) - optimistic scope. Year assigned.
em_r021,inverter,efficiency,0.99,,-,1000,2035,program_goal,target,peak,active components,SiC MW-class inverter (GE),ge_sic_inverter,https://www.geaerospace.com/systems/electrical-power,Peak efficiency goal. Year assigned.
em_r022,emotor,specific_power,13,,kW/kg,1000,2035,program_goal,target,rated,motor (scope not stated),"NASA NRA MW motors (UIUC, Ohio State)",nasa_nra_motors,https://sustainableskies.org/electric-propulsion-for-big-birds/,NRA target 13 kW/kg with >93% efficiency per search excerpt; the MIT 1 MW program cites 13 kW/kg at 96% - possible inconsistency in excerpt. Year assigned.
em_r023,emotor,specific_power,50,,kW/kg,,2050,projection,projection,rated,electric machine (scope per NTRS report),logistic-curve projection of electric machines,nasa_gt_2023_projection,https://ntrs.nasa.gov/citations/20230004087,"NASA GRC / Georgia Tech 2023 projection: electric machines 2050 = 50 kW/kg, 0.989. POSSIBLE DUPLICATE of pastra_2023 (same group/year) - check before merging. From search excerpt; NTRS fetch blocked."
em_r024,emotor,efficiency,0.989,,-,,2050,projection,projection,rated,electric machine,logistic-curve projection of electric machines,nasa_gt_2023_projection,https://ntrs.nasa.gov/citations/20230004087,See above; possible duplicate of pastra_2023.
em_r025,inverter,specific_power,12,52.9,kW/kg,,2050,projection,projection,rated,power converter incl. 30% knockdown for high-altitude hardware,logistic-curve projection of power converters,nasa_gt_2023_projection,https://ntrs.nasa.gov/citations/20230004083,"2050 range: conservative 12 to aggressive 52.9 kW/kg, after 30% knockdown for altitude. Possible duplicate of pastra_2023."
em_r026,inverter,efficiency,0.987,0.997,-,,2050,projection,projection,rated,power converter,logistic-curve projection of power converters,nasa_gt_2023_projection,https://ntrs.nasa.gov/citations/20230004083,2050 efficiency range. Possible duplicate of pastra_2023.
em_r027,emotor,specific_power,9,,kW/kg,500,2023,program_goal,target,rated,motor (scope not stated),"Collins 500 kW PM motor, composite construction (Airlander 10)",collins_500kw,https://compositesworld.com/news/collins-aerospace-produces-first-electric-motor-prototype-for-airlander-10,Collins target for 500 kW motor; year approximate (prototype ~2023).
em_r028,emotor,efficiency,0.98,,-,500,2023,program_goal,target,rated,motor,Collins 500 kW PM motor,collins_500kw,https://compositesworld.com/news/collins-aerospace-produces-first-electric-motor-prototype-for-airlander-10,Target.
em_r029,emotor,max_unit_power_demonstrated,1000,,kW,1000,2024,ground_test,demonstrator,rated,,"Collins 1 MW motor (RTX/P&WC hybrid-electric demonstrator, Dash 8-100)",collins_1mw,https://www.flightlineweekly.com/post/rtx-advances-hybrid-electric-propulsion-demonstrator,"Rated power test of 1 MW motor completed; kW/kg not disclosed (claimed 2x lighter, half the heat loss vs Collins flying MGs). Year approximate (2023-2024); verify."
em_r030,emotor,specific_power,10,,kW/kg,,2035,roadmap,target,continuous,motor incl. cooling,"HASTECS (Clean Sky 2) target, regional hybrid",hastecs,https://www.cordis.europa.eu/article/id/435768-big-steps-toward-high-performance-hybrid-propulsion-technologies-in-next-generation-aircraft,HASTECS target: electric machines with cooling 10 kW/kg in 2035.
em_r031,inverter,specific_power,15,,kW/kg,,2025,roadmap,target,continuous,power electronics incl. cooling,HASTECS target,hastecs,https://www.cordis.europa.eu/article/id/435768-big-steps-toward-high-performance-hybrid-propulsion-technologies-in-next-generation-aircraft,HASTECS: PE incl. cooling 15 kW/kg in 2025.
em_r032,inverter,specific_power,25,,kW/kg,,2035,roadmap,target,continuous,power electronics incl. cooling,HASTECS target,hastecs,https://www.cordis.europa.eu/article/id/435768-big-steps-toward-high-performance-hybrid-propulsion-technologies-in-next-generation-aircraft,HASTECS: PE incl. cooling 25 kW/kg in 2035.
em_r033,emotor,specific_power,11,,kW/kg,,2021,study,claim,continuous,motor incl. cooling,"HASTECS motor designs (LAPLACE), PMSM with slot cooling",hastecs,https://www.cordis.europa.eu/article/id/435768-big-steps-toward-high-performance-hybrid-propulsion-technologies-in-next-generation-aircraft,"Design results exceeded 11 kW/kg incl. cooling (value is a lower bound). Design study, not hardware."
em_r034,emotor,efficiency,0.97,,-,,2021,study,claim,continuous,motor,HASTECS motor designs,hastecs,https://www.cordis.europa.eu/article/id/435768-big-steps-toward-high-performance-hybrid-propulsion-technologies-in-next-generation-aircraft,>97% (lower bound).
em_r035,emotor,max_unit_power_demonstrated,700,,kW,700,2024,ground_test,demonstrator,continuous,,"magni650 EPU (NASA NEAT, 30,000 ft simulated)",magnix_neat_2024,https://aircargoweek.com/magnix-achieves-historic-milestone-in-completing-nasa-test-campaign,"Max continuous 700 kW at simulated 30,000 ft; campaign completed 26 Nov 2024. Dash 7 EPFD flight planned 2026."
em_r036,emotor,specific_power,13,,kW/kg,1000,2023,program_goal,target,rated,motor (air cooled),MIT 1 MW air-cooled PM machine,mit_1mw,https://dspace.mit.edu/bitstream/handle/1721.1/150870/2023_AIAA_Paper_1MW_Overview%5B82%5D%5B75%5D.pdf,MIT design target 1 MW at 13 kW/kg and 96% efficiency (component tests; not fully assembled per source).
em_r037,emotor,specific_power,17.4,,kW/kg,1000,2023,study,claim,rated,motor only (57.4 kg expected assembled mass),MIT 1 MW air-cooled PM machine,mit_1mw,https://chargedevs.com/newswire/mit-builds-megawatt-electric-motor-to-help-electrify-aviation/,"DERIVED 1000 kW / 57.4 kg (article says ~17 kW/kg). Predicted, not measured."
em_r038,emotor,efficiency,0.96,,-,1000,2023,program_goal,target,rated,motor,MIT 1 MW machine,mit_1mw,https://dspace.mit.edu/bitstream/handle/1721.1/150870/2023_AIAA_Paper_1MW_Overview%5B82%5D%5B75%5D.pdf,Design efficiency.
em_r039,inverter,specific_power,20,,kW/kg,200,2024,ground_test,demonstrator,continuous,inverter (scope of cooling not stated),"SiC inverter, 800 V DC (ZeroAvia)",zeroavia_inverter,https://zeroavia.com/aviation-inverter-performance/,">20 kW/kg (lower bound); 200 kW continuous design ran at 230 kW, Jan 2024. Offered as product (single 225 kW peak/200 kW cont.)."
em_r040,emotor,max_unit_power_projected,900,,kW,900,2027,announcement,claim,rated,,ZeroAvia HyperCore modular motor (ZA2000),zeroavia_hypercore,https://zeroavia.com/tech-portfolio/,"900 kW modular motor up to 20,000 rpm, stackable for ZA2000 (40-80 seat). Year assigned (no EIS date in source)."
em_r041,inverter,specific_power,30,,kW/kg,,2021,ground_test,demonstrator,rated,inverter,high-frequency (300 kHz) inverter (Wright Electric),wright_inverter,https://www.easyjet.com/en/news/airline/story/easyjet-partner-wright-electric-achieves-new-milestone-with-next-generation-inverter-technology-for-zero-emission-aircraft,Wright claims 30 kW/kg vs 10-20 kW/kg current tech; scalable 500 kW-20 MW. Year approx 2021.
em_r042,inverter,efficiency,0.995,,-,,2021,ground_test,demonstrator,rated,inverter,Wright Electric inverter,wright_inverter,https://www.easyjet.com/en/news/airline/story/easyjet-partner-wright-electric-achieves-new-milestone-with-next-generation-inverter-technology-for-zero-emission-aircraft,Claimed 99.5%.
em_r043,inverter,specific_power,10,20,kW/kg,,2021,review,state_of_art,rated,inverter,in-production aviation inverters (per Wright),wright_inverter,https://www.easyjet.com/en/news/airline/story/easyjet-partner-wright-electric-achieves-new-milestone-with-next-generation-inverter-technology-for-zero-emission-aircraft,Wright statement of current technology 10-20 kW/kg.
em_r044,inverter,efficiency,0.98,,-,60,2021,ground_test,demonstrator,peak,inverter,"SiC motor controllers, NASA X-57 cruise motors",nasa_x57,https://www.nasa.gov/centers-and-facilities/armstrong/x-57-project-creates-paths-toward-electric-aviation-2/,98% efficiency SiC controllers for 60 kW Joby cruise motors. X-57 cancelled before flight (2023). Year approx.
em_r045,emotor,max_unit_power_demonstrated,1000,,kW,,2022,ground_test,demonstrator,rated,,"GE MW-class multi-kV hybrid system at NEAT (45,000 ft)",ge_neat_2022,https://geaerospace.com/news/articles/farnborough-airshow-product-technology/top-five-milestones-ges-hybrid-electric-technology,"""Megawatt-class"": exact unit power not given; 1000 kW is an order-of-magnitude placeholder - flag."
em_r046,inverter,efficiency,0.99,,-,,2024,product,product,peak,"inverter (<3 kg, air cooled)","MCU-200 (Motion Applied/McLaren Applied), eVTOL",mcu200,https://mclarenapplied.com/products/MCU-200,Up to 99% efficiency; power rating not captured so kW/kg not derived.
em_r047,inverter,specific_power,12,,kW/kg,1000,2022,ground_test,demonstrator,rated,inverter (kVA/kg),"1 MW 3L-ANPC SiC inverter, medium voltage (Univ. Kentucky)",uky_1mw_inverter,https://scholars.uky.edu/en/publications/a-megawatt-scale-medium-voltage-high-efficiency-high-power-densit/,12 kVA/kg reported (treated as ~kW/kg at unity PF). Year approx.
em_r048,inverter,efficiency,0.99,,-,1000,2022,ground_test,demonstrator,rated,inverter,1 MW 3L-ANPC inverter,uky_1mw_inverter,https://scholars.uky.edu/en/publications/a-megawatt-scale-medium-voltage-high-efficiency-high-power-densit/,
em_r049,electric_chain,max_unit_power_demonstrated,1000,,kW,1000,2023,ground_test,demonstrator,rated,,Airbus ZEROe iron pod (FC + e-motors),airbus_iron_pod,https://flyingmag.com/airbus-tests-zeroe-iron-pod-hydrogen-power-system,Powertrain tested at 1 MW Oct 2023; FC system 1.2 MW Jun 2023.
em_r050,emotor,max_unit_power_projected,2000,,kW,2000,2035,announcement,projection,rated,,Airbus ZEROe fuel-cell pod (4 x 2 MW),airbus_zeroe_2mw,https://flyingmag.com/airbus-tests-zeroe-iron-pod-hydrogen-power-system,Down-selected concept: four 2 MW electric propulsion pods. EIS 2035 originally; Airbus delayed ZEROe in 2025 (not verified here).
em_r051,emotor,max_unit_power_demonstrated,1000,,kW,2500,2021,ground_test,demonstrator,rated,,Rolls-Royce PGS1 generator (2.5 MW class),rr_pgs1,https://www.ainonline.com/aviation-news/air-transport/2021-12-07/rolls-royce-hits-hybrid-electric-power-goal-airliners,>1 MW delivered Dec 2021; designed for 2.5 MW (later testing reported in rr25 link). kW/kg not found.
em_r052,emotor,max_unit_power_demonstrated,133,,kW,400,2021,flight,demonstrator,peak,,3 x YASA 750R on Rolls-Royce Spirit of Innovation (ACCEL),rr_accel,https://futureflight.aero/news-article/2021-09-27/rolls-royce-led-accel-team-closes-electric-aircraft-world-speed-record,"DERIVED per motor: 400 kW total / 3 motors (peak, record flights Nov 2021)."
em_r053,emotor,max_unit_power_projected,100,,kW,100,2025,announcement,claim,rated,,Rolls-Royce 100 kW-class EPUs for Vertical VA-X4,rr_vax4,https://aiaa.org/2021/03/10/rolls-royce-to-build-electric-propulsion-system-for-va-x4-evtol-aircraft/,100 kW class lift/push EPU (2021 announcement); year assigned.
em_r054,emotor,max_unit_power_projected,2000,,kW,2000,2024,announcement,claim,rated,,Toshiba superconducting motor (Airbus UpNext cooperation),toshiba_sc_2mw,https://ainonline.com/aviation-news/futureflight/2024-10-18/toshiba-and-airbus-jointly-develop-superconducting-electric,2 MW-class prototype claimed at ~1/10 weight of conventional motors; no kW/kg disclosed.
em_r055,emotor,max_unit_power_projected,2000,,kW,2000,2020,announcement,claim,rated,,Siemens/Rolls-Royce 2 MW motor for E-Fan X,efanx_2mw,https://en.wikipedia.org/wiki/Airbus_E-Fan_X,Planned for BAe 146 testbed; programme cancelled April 2020 before flight.
fc_r001,fuelcell,stack_specific_power,2.0,,kW/kg,114,2017,product,product,peak,stack,LT-PEM,doe_mirai_status_2017,https://www.hydrogen.energy.gov/pdfs/20005-automotive-fuel-cell-targets-status.pdf,"DOE status from assessment of 2017 Toyota Mirai (gen1, 114 kW stack); 2000 W_gross/kg and 3.1 kW_gross/L; gross stack power"
fc_r002,fuelcell,system_efficiency,0.64,,-,,2017,product,state_of_art,peak,system_unclear,LT-PEM,doe_mirai_status_2017,https://www.hydrogen.energy.gov/pdfs/20005-automotive-fuel-cell-targets-status.pdf,"DOE automotive status (2017 Mirai) peak system efficiency; automotive peak efficiency occurs at low load (~25% rated), not at rated power"
fc_r003,fuelcell,system_specific_power,0.65,,kW/kg,80,2020,roadmap,target,rated,system_unclear,LT-PEM,doe_auto_targets_2020,https://www.energy.gov/cmei/fuels/doe-technical-targets-fuel-cell-systems-and-stacks-transportation-applications,"DOE 2020 target for 80 kWe integrated automotive FC power system (650 W/kg, 650 W/L); DOE system boundary excludes H2 storage, power electronics and drive; inclusion of radiator not confirmed from fetched text"
fc_r004,fuelcell,system_efficiency,0.65,,-,80,2020,roadmap,target,peak,system_unclear,LT-PEM,doe_auto_targets_2020,https://www.energy.gov/cmei/fuels/doe-technical-targets-fuel-cell-systems-and-stacks-transportation-applications,DOE 2020 automotive peak system efficiency target
fc_r005,fuelcell,system_efficiency,0.68,,-,,2030,program_goal,target,peak,system_unclear,LT-PEM,doe_hd_truck_targets,https://hydrogen.energy.gov/docs/hydrogenprogramlibraries/pdfs/review24/2024-amr-07-fuel-cell-technologies.pdf,"DOE heavy-duty truck interim 2030 target: 68% peak efficiency, 25000 h, $80/kW"
fc_r006,fuelcell,system_efficiency,0.72,,-,,,program_goal,target,peak,system_unclear,LT-PEM,doe_hd_truck_targets,https://hydrogen.energy.gov/docs/hydrogenprogramlibraries/pdfs/review24/2024-amr-07-fuel-cell-technologies.pdf,"DOE heavy-duty truck ULTIMATE target (undated): 72% peak efficiency, 30000 h, $60/kW; widely used as a practical ceiling for PEM peak system efficiency"
fc_r007,fuelcell,system_specific_power,1.0,,kW/kg,,2024,roadmap,target,rated,system_unclear,LT-PEM,chp_sria_aviation_kpi,https://arxiv.org/pdf/2309.14629,Clean Hydrogen Partnership SRIA aviation FC system gravimetric KPI as reported in MIT study (arXiv 2309.14629); SRIA not read directly
fc_r008,fuelcell,system_specific_power,2.0,,kW/kg,,2030,roadmap,target,rated,system_unclear,LT-PEM,chp_sria_aviation_kpi,https://arxiv.org/pdf/2309.14629,Clean Hydrogen Partnership SRIA aviation FC system gravimetric KPI 2030 as reported in MIT study; SRIA not read directly
fc_r009,fuelcell,system_specific_power,2.0,,kW/kg,,2035,study,target,rated,system_unclear,LT-PEM,mit_h2_aviation_2023,https://arxiv.org/pdf/2309.14629,Requirement: minimal payload reduction for regional aviation up to 1000 nmi if FC system 2 kW/kg and LH2 tank GI 50%; year = indicative EIS horizon (derived; source does not tie to a year)
fc_r010,fuelcell,system_specific_power,0.2,,kW/kg,,,flight,demonstrator,rated,system_unclear,LT-PEM,h2fly_flightglobal_2026,https://www.flightglobal.com/aero-friedrichshafen/2026/04/h2fly-bullish-on-fuel-cell-performance-as-development-accelerates/,H2FLY early iteration (HY4 lineage); year not stated in source summary (HY4 first flew 2016)
fc_r011,fuelcell,system_specific_power,0.6,,kW/kg,,2024,flight,demonstrator,rated,system_unclear,LT-PEM,h2fly_flightglobal_2026,https://www.flightglobal.com/aero-friedrichshafen/2026/04/h2fly-bullish-on-fuel-cell-performance-as-development-accelerates/,H2FLY HY4 LH2-powered flights 2024; scope (TMS) not specified
fc_r012,fuelcell,system_specific_power,1.0,,kW/kg,,2026,review,state_of_art,rated,system_unclear,LT-PEM,h2fly_flightglobal_2026,https://www.flightglobal.com/aero-friedrichshafen/2026/04/h2fly-bullish-on-fuel-cell-performance-as-development-accelerates/,H2FLY CEO: systems built from off-the-shelf/automotive components 'do not make it beyond' ~1 kW/kg; practical ceiling for automotive-derived BoP
fc_r013,fuelcell,system_specific_power,2.0,,kW/kg,,2030,program_goal,target,rated,system_unclear,LT-PEM,h2fly_flightglobal_2026,https://www.flightglobal.com/aero-friedrichshafen/2026/04/h2fly-bullish-on-fuel-cell-performance-as-development-accelerates/,H2FLY: 2 kW/kg = minimum for market competitiveness; bespoke components; next-gen 1/3 lighter and smaller; commercial service ~2030
fc_r014,fuelcell,max_unit_power_projected,175,2000,kW,175,2023,announcement,claim,rated,system_unclear,LT-PEM,h2fly_h2f175,https://www.h2fly.de/en/core-systems/fuel-cell-systems,H2F-175: 175 kW module; family modular/scalable from 30 kW to 2 MW (value_high = scaled system claim)
fc_r015,fuelcell,system_specific_power,0.6,,kW/kg,150,2027,product,product,rated,system_unclear,LT-PEM,honda_nextgen_fcmodule,https://hydrogen-worldexpo.com/industry-news/next-gen-hydrogen-fuel-cell-halve-costs-whilst-trebling-power-density-according-honda,"Honda next-gen FC module 150 kW, 250 kg (150/250=0.60); mass production 2027; automotive/stationary module, radiator presumably excluded (not confirmed)"
fc_r016,fuelcell,system_specific_power,1.5,,kW/kg,300,2026,product,claim,rated,system_excl_tms,LT-PEM,ie_flight_f300,https://www.unmannedsystemstechnology.com/company/intelligent-energy/ie-flight-f300-fuel-cell/,DERIVED: 300 kW net at sea level / 200 kg excl. air-cooled condenser = 1.5 kW/kg; derates to 180 kW at 15000 ft (-40%); evaporative/direct water injection cooling; experimental flight expected 2028
fc_r017,fuelcell,system_specific_power,1.5,,kW/kg,300,2028,program_goal,target,rated,system_unclear,LT-PEM,ie_flight_f300,https://www.unmannedsystemstechnology.com/company/intelligent-energy/ie-flight-f300-fuel-cell/,"Intelligent Energy IE-FLIGHT target >1.5 kW/kg (HEIGHTS programme, GBP17m, 2025)"
fc_r018,fuelcell,system_specific_power,2.0,,kW/kg,,2020,announcement,claim,rated,system_unclear,LT-PEM,hypoint_2020,https://h2bulletin.com/?p=3101,"HyPoint turbo air-cooled FC system prototype claim 'up to 2000 W/kg'; unverified marketing claim, no flight evidence found"
fc_r019,fuelcell,system_specific_power,0.7,0.86,kW/kg,,2025,review,state_of_art,rated,system_unclear,LT-PEM,fc_aviation_review_2025,https://www.sciencedirect.com/science/article/pii/S2590174525005586,"Commercial automotive FC systems 0.7-0.86 kW/kg at system level (vs ~25 kW/kg gas turbines); attribution via search summary, verify against paper"
fc_r020,fuelcell,system_specific_power,1.5,2.0,kW/kg,,2035,review,target,rated,system_unclear,LT-PEM,fc_aviation_review_2025,https://www.sciencedirect.com/science/article/pii/S2590174525005586,"Air transport requires >1.5 kW/kg, rising to 2 kW/kg for large commercial aviation; year indicative (derived)"
fc_r021,fuelcell,system_specific_power,1.5,,kW/kg,1000,2025,program_goal,target,rated,system_unclear,LT-PEM,eu_call_fc_aviation,https://cordis.europa.eu/programme/id/HORIZON_HORIZON-JTI-CLEANH2-2022-03-06/fr,EU call text: FC system power density >1.5 kW/kg at >=1 MW; exact call (CHP 2022-03-06 vs earlier FCH JU) per search summary; year = indicative project end
fc_r022,fuelcell,system_specific_power,0.3,,kW/kg,,2025,program_goal,target,rated,system_unclear,SOFC,eu_call_fc_aviation,https://cordis.europa.eu/programme/id/H2020_FCH-01-1-2017,EU call: hybrid-electric SOFC system >=300 W/kg with 60% efficiency; call attribution per search summary
fc_r023,fuelcell,system_efficiency,0.6,,-,,2025,program_goal,target,rated,system_unclear,SOFC,eu_call_fc_aviation,https://cordis.europa.eu/programme/id/H2020_FCH-01-1-2017,SOFC hybrid system efficiency target 60% paired with 300 W/kg
fc_r024,fuelcell,system_specific_power_incl_tms,0.5,,kW/kg,312,2023,study,projection,rated,system_unclear,LT-PEM,gpps_tms_fc_engine,"https://journal.gpps.global/Performance-calculation-of-the-thermal-management-system-for-a-fuel-cell-aircraft,213543,0,2.html",312 kW FC system modelled: 0.50 kW/kg; TMS inclusion likely (TMS study) but not confirmed; attribution via search summary
fc_r025,fuelcell,system_efficiency,0.49,,-,312,2023,study,projection,rated,system_unclear,LT-PEM,gpps_tms_fc_engine,"https://journal.gpps.global/Performance-calculation-of-the-thermal-management-system-for-a-fuel-cell-aircraft,213543,0,2.html",Same 312 kW system: 49% on ground (take-off)
fc_r026,fuelcell,system_efficiency,0.39,,-,312,2023,study,projection,cruise,system_unclear,LT-PEM,gpps_tms_fc_engine,"https://journal.gpps.global/Performance-calculation-of-the-thermal-management-system-for-a-fuel-cell-aircraft,213543,0,2.html",Same system: 39% in cruise (compressor penalty at altitude)
fc_r027,fuelcell,system_specific_power,0.6,,kW/kg,,2025,flight,demonstrator,rated,system_unclear,LT-PEM,avic_tsinghua_drone,https://chinahydrogen.substack.com/p/hydrogen-powered-drone-in-china-innovation,50 kg UAV (AVIC Chengdu + Tsinghua): FC system 600 W/kg; small-scale; year approximate (2025 article)
fc_r028,fuelcell,system_efficiency,0.55,,-,,2025,flight,demonstrator,nominal,system_unclear,LT-PEM,avic_tsinghua_drone,https://chinahydrogen.substack.com/p/hydrogen-powered-drone-in-china-innovation,Same UAV FC system efficiency 55%
fc_r029,fuelcell,system_efficiency,0.726,,-,440,2005,study,projection,cruise,system_unclear,SOFC,nasa_sofc_gt_hybrid,https://ntrs.nasa.gov/api/citations/20060003629/downloads/20060003629.pdf,"SOFC/gas-turbine hybrid, 440 kW net for 300-pax aircraft APU, cruise full power 72.6%; hybrid cycle, not standalone FC; attribution via search summary"
fc_r030,fuelcell,system_efficiency,0.728,,-,250,2005,study,projection,cruise,system_unclear,SOFC,nasa_sofc_gt_hybrid,https://ntrs.nasa.gov/api/citations/20060003629/downloads/20060003629.pdf,Same SOFC/GT hybrid at cruise part power (250 kW): 72.8%
fc_r031,fuelcell,max_unit_power_demonstrated,800,,kW,800,2023,flight,demonstrator,peak,system_unclear,LT-PEM,techcrunch_uh_2023,https://techcrunch.com/2023/03/02/universal-hydrogen-takes-to-the-air-with-the-largest-hydrogen-fuel-cell-ever-to-fly,"Universal Hydrogen Dash 8-300 (one nacelle), Plug Power FC, first flight 2 Mar 2023, 'up to 800 kW'; described as largest FC ever to fly; company ceased 2024"
fc_r032,fuelcell,max_unit_power_demonstrated,1200,,kW,1200,2023,ground_test,demonstrator,rated,system_unclear,LT-PEM,airbus_ironpod_2024,https://www.airbus.com/en/newsroom/stories/2024-01-first-zeroe-engine-fuel-cell-successfully-powers-on,"Airbus ZEROe FC system reached full 1.2 MW in ground test (June 2023), 'most powerful test ever in aviation'; iron pod powered on late 2023"
tms_r001,tms,specific_heat_rejection,0.79,,kW heat/kg,,2023,study,state_of_art,take_off,tms_full,LT-PEM liquid cooled,dlr_eucass_2023,https://www.eucass.eu/doi/EUCASS2023-262.pdf,"Designed generic liquid-cooled TMS (Link, Staggat, de Graaf, DLR). Attribution of 0.79 to this paper is from search-engine summary; full text not accessible - verify."
tms_r002,tms,specific_heat_rejection,1.64,2.93,kW heat/kg,,2023,study,state_of_art,nominal,tms_full,LT-PEM liquid cooled,dlr_eucass_2023,https://www.eucass.eu/doi/EUCASS2023-262.pdf,Range of specific heat rejection derived from a trade-off study linking TMS and fuel cell sizing (abstract).
tms_r003,tms,specific_heat_rejection,5,20,kW heat/kg,,2050,projection,projection,nominal,tms_full,LT-PEM to HT-PEM; advanced architectures,dlr_eucass_2023,https://www.eucass.eu/doi/EUCASS2023-262.pdf,"Projection for 2026/2035/2050 spanning 5-20 kW/kg at system level depending on fuel cell type and TMS architecture; per-year split not available from abstract. Low end ~2026 LT-PEM, high end ~2050 HT-PEM (inferred ordering)."
tms_r004,tms,specific_heat_rejection,4.77,,kW heat/kg,,2026,study,state_of_art,hot_day,heat_exchanger+tms (paper scope),"LT-PEM liquid cooled, parallel cooling architecture",aerospace_tms_2026,https://www.mdpi.com/2226-4310/13/3/243,Optimal parallel architecture; mass-specific heat rejection at hot-day take-off. Already in dataset (aerospace_tms_2026) - included for pairing with drag metric.
tms_r005,tms,specific_heat_rejection,2.63,6.85,kW heat/kg,,2026,study,state_of_art,hot_day,tms_full,"LT-PEM liquid cooled, multiple architectures",aerospace_tms_2026,https://www.mdpi.com/2226-4310/13/3/243,Range across architectures/design points per search summary; attribution to this paper from search summary - verify.
tms_r006,tms,parasitic_power_ratio,0.1,0.13,kW/kW heat,,2026,study,state_of_art,cruise,heat_exchanger,LT-PEM liquid cooled,aerospace_tms_2026,https://www.mdpi.com/2226-4310/13/3/243,DERIVED: paper gives drag-specific heat rejection 1.29 kW/N at standard-day cruise -> 0.775 N per kW heat; multiplied by assumed cruise TAS 130-170 m/s (regional turboprop; not from paper) -> drag power 0.10-0.13 kW per kW heat. Excludes pump power.
tms_r007,tms,radiator_specific_heat_rejection,10,,kW heat/kg,,2026,roadmap,target,nominal,heat_exchanger,LT-PEM,gyroid_hex_2026,https://doi.org/10.3390/engproc2026133078,Roadmap target of 10 kW/kg for LT-PEMFC cooling by 2026 cited by gyroid-pipe HEX experimental paper (Eng. Proc. 2026); paper states target NOT achieved in current experimental studies of gyroid HEX.
tms_r009,tms,drag_penalty_fraction,0.64,,-,,2025,study,state_of_art,nominal,radiator,HT-PEM 200C vs LT-PEM 80C,frey_bath_2025,https://researchportal.bath.ac.uk/en/publications/radiators-in-fuel-cell-powered-aircraft-the-effect-of-heat-reject/,"RATIO not absolute: predicted external radiator drag reduced ~36% (ratio 0.64, DERIVED) going 80->200C stack temperature; cooling air mass flow -56%."
tms_r010,tms,drag_penalty_fraction,1.4,,-,,2025,study,state_of_art,nominal,tms_full,LT-PEM 60C vs 80C,param_lc_tms_2025,https://doi.org/10.3390/aerospace12050377,RATIO: lowering stack temp 80->60C raises cooling air mass flow +49% and TMS drag +40% (hybrid FC aircraft MTOM 3625 kg; 200-400 kW FC).
tms_r011,tms,specific_heat_rejection,1.14,,kW heat/kg,,2025,review,state_of_art,nominal,tms_full,LT-PEM liquid cooled (catalog components),param_lc_tms_2025,https://doi.org/10.3390/aerospace12050377,"TMS weight estimate based on catalog (COTS) component information, cited as related study in Aerospace 12(5):377 (2025); primary not identified."
tms_r016,tms,drag_penalty_fraction,0.16,,-,,2022,study,state_of_art,cruise,tms_full,LT-PEM phase-change heat pump vs liquid cooling,gao_ijhe_2022,https://www.researchgate.net/publication/362824636_Comparison_of_phase-change-heat-pump_cooling_and_liquid_cooling_for_PEM_fuel_cells_for_MW-level_aviation_propulsion,"DELTA not absolute: PCHP cooling reduces drag power by 1.528 MW = ~16% of aircraft net cruise power vs liquid cooling (total engine drag loss -23%, 1.6 MW); optimal FC current density +26.5%. Int. J. Hydrogen Energy 2022."
tms_r019,tms,parasitic_power_ratio,0.2,0.95,kW/kW heat,,2024,study,state_of_art,cruise,cooling fan,LT-PEM ducted HEX with fan,gpps_tms_2024,"https://journal.gpps.global/Performance-calculation-of-the-thermal-management-system-for-a-fuel-cell-aircraft,213543,0,2.html","DERIVED unit: paper gives cooling fan power 20-95% of FC power across design space (small aircraft, 1000 N thrust, 85 m/s); converted assuming heat ~= electrical power (eta~50%). Design sweep, not optimum. No-fan design: -18.2% overall efficiency, +17.3% mass vs fan PR 1.04."
tms_r020,tms,drag_penalty_fraction,0.273,,-,,2020,study,state_of_art,cruise,heat_exchanger,"LT-PEM, conventional ducted HEX no fan",kozulovic_2020,https://www.researchgate.net/publication/344338174_Heat_Release_of_Fuel_Cell_Powered_Aircraft,"Kozulovic 'Heat release of fuel cell powered aircraft' (mid-size airliner, counterflow liquid-air HEX with corrugated fins in cowling with diffuser/nozzle): propulsion power requirement +27.3% in cruise due to HEX (as reported in secondary summaries)."
tms_r021,tms,drag_penalty_fraction,0.05,,-,,2024,announcement,claim,nominal,tms_full,LT-PEM evaporative cooling high-temp TMS (IE-FLIGHT),ie_flight_2024,https://www.intelligent-energy.com/wp-content/uploads/2024/07/FLIGHT-Whitepaper.pdf,"Intelligent Energy whitepaper: up to 5% block fuel reduction for 9-pax aircraft vs conventional FC systems via reduced propulsion drag. Value is fuel benefit, not drag fraction. Cell temp 75-80C; no stack cooling cells."
tms_r022,fuelcell,heat_to_power_ratio,1.0,,kW/kW heat,,2022,review,state_of_art,take_off,,LT-PEM,dlr_isabe_2022,https://elib.dlr.de/188835/1/ISABE_2022_291_full.pdf,DERIVED: ~50% efficiency at take-off/climb (max power) -> heat/power=(1-0.5)/0.5=1.0. Also stated in Aerospace 2026 ('roughly 50% efficiency at peak power'). Note 10-20% of waste heat may leave via exhaust (unverified secondary).
tms_r023,fuelcell,heat_to_power_ratio,1.56,,kW/kW heat,,2022,study,state_of_art,cruise,,LT-PEM high-altitude cruise,dlr_isabe_2022,https://elib.dlr.de/188835/1/ISABE_2022_291_full.pdf,DERIVED: one study predicted 39% system cruise efficiency due to compressor power at high altitude -> heat/power=1.56. Counter-intuitive (cruise worse than TO) for high-altitude airliner; for regional turboprops cruise efficiency normally higher than TO.
tms_r024,fuelcell,heat_to_power_ratio,0.33,,kW/kW heat,,2050,roadmap,target,nominal,,LT-PEM,flyzero_fc_roadmap,https://www.ati.org.uk/wp-content/uploads/2022/03/FZO-PPN-COM-0033-Fuel-Cells-Roadmap-Report.pdf,"DERIVED: FlyZero fuel cell roadmap ~75% efficiency by 2050 (search summary; may be stack or partial-load) -> heat/power=0.33. System specific power 3-3.5 kW/kg (LT-PEM), 5-6 kW/kg with HT-PEM/superconducting."
ac_r001,aircraft,propulsor_count,4,,-,2000,2035,announcement,concept,max_continuous_unstated,,LT-PEM,airbus_zeroe_2025,https://airbus.com/en/newsroom/press-releases/2025-03-airbus-showcases-hydrogen-aircraft-technologies-during-its-2025,Already in dataset (airbus_zeroe_2025); confirmation only. ~100 pax regional; range/speed not stated in sources found; 4 x 2 MW electric propulsion engines each driven by own fuel cell system; 2 LH2 tanks; fuel LH2. Year = original ~2035 ambition; Airbus said concept to be refined over coming years (EIS timing not confirmed in sources fetched).
ac_r002,aircraft,installed_power,8000,,kW,2000,2035,announcement,concept,rated_unstated,,LT-PEM,airbus_zeroe_2025,https://airbus.com/en/newsroom/press-releases/2025-03-airbus-showcases-hydrogen-aircraft-technologies-during-its-2025,DERIVED 4 x 2 MW. ~100 pax; range/speed not stated; 4 fuel cell systems; LH2.
ac_r003,aircraft,installed_power,1200,,kW,,2023,ground_test,demonstrator,ground_test_power,,LT-PEM,airbus_zeroe_2023_iron_pipe,https://www.engineeringnews.co.za/article/airbus-reaffirms-its-commitment-to-hydrogen-aviation-2025-04-11,Airbus 1.2 MW hydrogen fuel-cell propulsion system demonstrated 2023 (ground); 2024 end-to-end test of integrated FC stack + motors + gearboxes + inverters + heat exchangers. Not an aircraft; seats/range/speed n/a; LH2/H2.
ac_r004,aircraft,propulsor_count,6,,-,,2035,announcement,concept,,,LT-PEM,airbus_zeroe_2020_pods,https://www.flightglobal.com/air-transport/airbus-explores-self-contained-fuel-cell-propulsors-for-zero-emission-aircraft/141635.article,Airbus ZEROe Dec 2020 'pod' configuration: six detachable self-contained pods under wings each with 8-blade propeller + motor + fuel cell + power electronics + LH2 tank + cooling. Seats/range/speed/power per pod not stated in sources found. Fuel LH2. Superseded by 2025 4x2 MW concept.
ac_r005,aircraft,propulsor_count,16,,-,1250,,study,concept,derived,,hybrid,nasa_susan,https://ntrs.nasa.gov/api/citations/20210025324/downloads/SUSAN%20Transport%20Aircraft%20Concept%20and%20Trade%20Space%20Exploration%20Paper%20FINAL.pdf,NASA SUSAN Electrofan: 180 pax; design range 2500 nmi (~4630 km); economic range 750 nmi; cruise M0.785. 16 underwing contrarotating BLI fans (8 per side) + single aft geared turbofan; turboelectric/hybrid with kerosene/SAF (NOT fuel cell). unit_power_kw DERIVED = 20 MW / 16. Year blank: no EIS stated in sources found.
ac_r006,aircraft,installed_power,20000,,kW,1250,,study,concept,electrical_transmitted,,hybrid,nasa_susan,https://ntrs.nasa.gov/citations/20220017542,SUSAN: 20 MW transmitted from aft engine to wing propulsors via four 5 MW LP-spool motor/generators + one 1 MW HP-spool M/G. 180 pax; 2500 nmi; M0.785; jet fuel; hybrid turboelectric. Year blank (not stated).
ac_r007,aircraft,unit_power_per_propulsor,1250,,kW,1250,,study,concept,derived,,hybrid,nasa_susan,https://ntrs.nasa.gov/citations/20220017542,DERIVED 20 MW / 16 fans (even split assumed). 180 pax; 2500 nmi; M0.785; turboelectric with kerosene/SAF.
ac_r008,aircraft,propulsor_count,16,,-,2500,,study,concept,reference_motor,,LT-PEM,nasa_cheeta_bli,https://pure.psu.edu/en/publications/conceptual-design-of-distributed-electrified-boundary-layer-inges/,NASA ULI CHEETA (cryogenic LH2 fuel cell + superconducting motors) BLI ducted fans: a 16-propulsor configuration meets requirements using motors similar to a 2.5 MW reference design. Seats/range/speed not given in sources found (CHEETA targets a single-aisle-class transport - unverified here). Fuel LH2. Academic (Penn State) study.
ac_r009,aircraft,propulsor_count,32,,-,,,study,concept,optimum_power,,LT-PEM,nasa_cheeta_bli,https://pure.psu.edu/en/publications/conceptual-design-of-distributed-electrified-boundary-layer-inges-2/,CHEETA trade study optimum: highly distributed 32 BLI propulsors gives 16% power saving vs non-BLI twin-engine electric aircraft. Single-aisle class (unverified); LH2 fuel cell; superconducting motors.
ac_r010,aircraft,propulsor_count,9,,-,,,study,concept,recommended,,LT-PEM,nasa_cheeta_bli,https://pure.psu.edu/en/publications/conceptual-design-of-distributed-electrified-boundary-layer-inges-2/,"CHEETA: considering TRL and ease of manufacturing, a 9-propulsor configuration is suggested as optimal for the CHEETA mission (vs 32 aerodynamic optimum). LH2 fuel cell; BLI ducted fans."
ac_r011,aircraft,propulsor_count,14,,-,,2023,flight,cancelled,,,battery,nasa_x57,https://www.nasa.gov/centers-and-facilities/armstrong/x-57-maxwell/,NASA X-57 Mod IV final config: 12 high-lift leading-edge motors + 2 wingtip cruise motors; Tecnam P2006T base (4 seats); battery-electric. Program ended 2023 without electric flight (per IEEE Spectrum 'running out of runway'; not fully verified). Motor kW not confirmed in sources found.
ac_r012,aircraft,propulsor_count,4,,-,400,2026,flight,demonstrator,rated,,battery,heart_x1,https://www.ioplus.nl/en/posts/heart-aerospace-flies-worlds-largest-electric-aircraft,"Heart Aerospace X1 demonstrator, first flight 12 Aug 2026 (27 min), >1 MW delivered; four electric motors (reported 4 x 400 kW by Phase Motion Control - secondary reporting). Battery only. Precursor of ES-30 (30 seats)."
ac_r013,aircraft,unit_power_per_propulsor,400,,kW,400,2026,flight,demonstrator,rated,,battery,heart_x1,https://www.techeblog.com/heart-x1-worlds-largest-electric-aircraft-first-test-filght/,Heart X1: reported four 400 kW Phase motors (secondary sources; verify). Battery-electric demonstrator for 30-seat ES-30.
ac_r014,aircraft,propulsor_count,4,,-,,2031,program_goal,target,,,hybrid,heart_es30,https://www.compositesworld.com/news/heart-aerospace-reveals-hybrid-electric-aircraft-demonstrator,Heart ES-30: 30 seats; 200 km all-electric / 800 km hybrid (reserve turbogenerator); 4 electric motors (as X1); EIS reported 2031 (slipped from 2028); first flight planned 2028. Battery + turbogenerator hybrid; cruise speed not stated in sources found.
ac_r015,aircraft,propulsor_count,2,,-,640,2027,flight,demonstrator,rated,,battery,eviation_alice,https://en.wikipedia.org/wiki/Eviation_Alice,Eviation Alice: 9 pax + 2 crew; changed from tri-motor to bi-motor; 2 x magniX magni650 (640 kW / 850 shp); first flight 2022; battery-electric. Range/speed per revised spec not confirmed here; programme status 2025-26 not verified (reportedly paused).
ac_r016,aircraft,unit_power_per_propulsor,640,,kW,640,2022,flight,demonstrator,rated,,battery,eviation_alice,https://airinsight.com/eviation-alice-first-flight/,magni650 640 kW (850 shp) per motor; Alice 9 pax; battery-electric twin pusher.
ac_r017,aircraft,propulsor_count,1,,-,650,2023,flight,cancelled,rated,,LT-PEM,universal_hydrogen_dash8,https://www.flightglobal.com/airframers/universal-hydrogens-modified-dash-8-flies-again-as-two-year-test-period-commences/155117.article,Universal Hydrogen Dash 8-300 testbed ('Lightning McClean'): 1 of 2 engines replaced by magni650 motor driven by Plug Power FC (other side kept turboprop); first flight Mar 2023; ~15 min flight; 30 kg GH2. Company shut down 2024 (planned ATR 72 FC conversion EIS 2026). Commercial target 40-50 seat class.
ac_r018,aircraft,unit_power_per_propulsor,650,,kW,650,2023,flight,cancelled,rated,,LT-PEM,universal_hydrogen_dash8,https://skiesmag.com/news/magnix-powers-first-flight-worlds-largest-hydrogen-fuel-cell-airplane/,magni650 650 kW (872 hp) on UH Dash 8; FC up to 800 kW; GH2 30 kg; hybrid FC/turboprop testbed; company shut down 2024.
ac_r019,aircraft,installed_power,800,,kW,650,2023,flight,cancelled,peak,,LT-PEM,universal_hydrogen_dash8,https://www.militaryaerospace.com/commercial-aerospace/article/14290647/a-dash-8-commuter-plane-flew-for-15-minutes-with-a-hydrogen-fuel-cell-engine,Fuel cell system power up to 800 kW (one side only); Dash 8-300 testbed (~50 seats as baseline); GH2.
ac_r020,aircraft,propulsor_count,1,,-,80,2016,flight,demonstrator,rated,,LT-PEM,h2fly_hy4,https://en.wikipedia.org/wiki/DLR_HY4,"DLR/H2FLY HY4: 4-seat twin-fuselage (Pipistrel Taurus based), single 80 kW electric motor driving one propeller; LT-PEM FC + Li-ion battery for peak; first flight 2016; altitude record 2022 (7,230 ft). GH2. Count derived from 'the engine'."
ac_r021,aircraft,unit_power_per_propulsor,80,,kW,80,2016,flight,demonstrator,rated,,LT-PEM,h2fly_hy4,https://newatlas.com/aircraft/hydrogen-electric-hy4-passenger-aircraft-sets-altitude-record/,HY4 80 kW motor; 4 seats; FC + battery hybrid; GH2.
ac_r022,aircraft,installed_power,1500,,kW,,2025,program_goal,target,system,,LT-PEM,deutsche_d328_h2,https://www.flightglobal.com/airframers/deutsche-aircraft-joins-with-h2fly-for-fuel-cell-powered-dornier-328-project/144473.article,"Deutsche Aircraft + H2FLY: 1.5 MW fuel-cell system on a Do 328 demonstrator (target 2025; status unverified), to validate FC for 40-seat aircraft; Do 328-100 seats 33. Propulsor count not stated (baseline twin turboprop). H2."
ac_r023,aircraft,propulsor_count,2,,-,500,2030,announcement,concept,rated,,LT-PEM,beyond_aero_bya1,https://www.urbanairmobilitynews.com/air-taxis/beyond-aero-unveils-refined-concept-of-its-hydrogen-powered-e-jet-bya-1,Beyond Aero BYA-1 light business jet: 6 pax; 800 nmi; two 500 kW electric ducted fans; 2 independent power channels; 6 FCs x 400 kW = 2.4 MW peak; GH2 700 bar. Target ~2030.
ac_r024,aircraft,unit_power_per_propulsor,500,,kW,500,2030,announcement,concept,rated,,LT-PEM,beyond_aero_bya1,https://www.hydrogenfuelnews.com/hydrogen-electric-aircraft-beyond-aeros-bya-1-kicks-emissions-to-the-curb/8574168,BYA-1 500 kW per ducted fan; 6 pax; 800 nmi; GH2 700 bar.
ac_r025,aircraft,installed_power,2400,,kW,500,2030,announcement,concept,fc_peak,,LT-PEM,beyond_aero_bya1,https://www.hydrogenfuelnews.com/hydrogen-electric-aircraft-beyond-aeros-bya-1-kicks-emissions-to-the-curb/8574168,"BYA-1 fuel cell peak 2.4 MW (6 x 400 kW) vs 1.0 MW total motor rating (FC oversized ~2.4x motor power, presumably for efficiency/degradation - inference). 6 pax; 800 nmi."
ac_r026,aircraft,unit_power_per_propulsor,600,,kW,600,2029,program_goal,target,rated,,LT-PEM,zeroavia_za600,https://runwaygirlnetwork.com/2026/02/zeroavia-details-headwinds-that-are-slowing-its-certification-timeline/,"Already in dataset (zeroavia_za600) - status update: 600 kW electric engine for 10-20 seat aircraft (e.g., Do 228, Cessna Caravan); FAA electric engine special conditions published 2026; FC system cert now targeted 2027, full powertrain up to ~2 years later (~2029; DERIVED). Was end-2025. Twin installation for 19-seater. GH2."
ac_r027,aircraft,unit_power_per_propulsor,2000,5000,kW,2000,2032,program_goal,target,rated,,LT-PEM,zeroavia_za2000,https://www.flightglobal.com/aerospace/zeroavia-insists-za600-powertrain-is-halfway-to-certification/163434.article,Already in dataset - status update: ZA2000 2-5 MW per powertrain for 40-80 seat regional turboprops (Dash 8-400/ATR 72 class); slipped to early 2030s. LH2/GH2; 2 propulsors on twin retrofit (implied).
ac_r028,aircraft,energy_consumption,0.77,,MJ/seat-km,,2023,retrofit_study,projection,per_ASK,,kerosene,icct_fuelcell_retrofit_2023,https://theicct.org/publication/fuel-cell-retrofit-aug23/,"ICCT 2023 reference ATR 72 (kerosene turboprop): 78 pax, 1150 km design, 0.77 MJ/ASK. Twin turboprop; cruise ~510 km/h not stated in snippet."
ac_r029,aircraft,energy_consumption,0.67,,MJ/seat-km,,2023,retrofit_study,projection,per_ASK,,LT-PEM,icct_fuelcell_retrofit_2023,https://theicct.org/publication/fuel-cell-retrofit-aug23/,"ICCT 2023 ATR 72 LH2 fuel-cell retrofit: only 42 pax (seats lost to tanks), 0.67 MJ/ASK (-13% vs 0.77 kerosene; DERIVED %); range reduced vs 1150 km; 2 propulsors. Partly overlaps icct_fuelcell already in dataset."
bs_r001,battery,specific_energy,207,,Wh/kg,,2020,certification,certified,,pack,"Li-ion (Pipistrel PB345V124E-L, 2 packs)",pipistrel_velis_derived,https://en.wikipedia.org/wiki/Pipistrel_Velis_Electro,DERIVED: 24.8 kWh nominal / 120 kg (2x60 kg) per search summary of Wikipedia/listings; EASA TC June 2020. Conflicting figures exist (20 kWh / 2x70 kg -> 143 Wh/kg); treat 143-207 as range; not verified against EASA TCDS
bs_r002,battery,specific_energy,143,207,Wh/kg,,2020,certification,certified,,pack,Li-ion (Pipistrel Velis Electro),pipistrel_velis_range_derived,https://www.controller.com/listing/for-sale/253897629/2024-pipistrel-velis-electro-light-sport-aircraft?print=1,DERIVED range from conflicting capacity/mass figures (20 kWh/140 kg vs 24.8 kWh/120 kg); total usable vs nominal unclear
bs_r003,battery,specific_energy,165,,Wh/kg,,2021,flight,demonstrator,,pack,Li-ion 21700 (Rolls-Royce ACCEL Spirit of Innovation),ieee_spectrum_accel,https://spectrum.ieee.org/the-battery-innovations-behind-rolls-royces-ultrafast-electric-airplane,"73 kWh, 6480 cells, 750 V, ~450 kg pack with cork insulation and active cooling; 73/450 = 162 Wh/kg derived; flew Nov 2021 (387 mph record)"
bs_r004,battery,specific_energy,200,,Wh/kg,,2025,certification,demonstrator,,pack,Li-ion (H55 propulsion battery module),flightglobal_h55,https://www.flightglobal.com/aerospace/h55-hails-regulatory-milestone-after-completing-battery-of-easa-tests/166152.article,~200 Wh/kg at MODULE level (approx.; 'pretty good'); H55 completed all EASA-witnessed module certification tests (incl. thermal runaway non-propagation) Dec 2025; pack-level value would be lower
bs_r005,battery,specific_energy,220,,Wh/kg,,2021,announcement,claim,,pack,Li-ion (Eviation Alice),flightglobal_alice,https://www.flightglobal.com/airframers/eviation-changes-alice-design-performance-specifications-shift/144376.article,"DERIVED: 820 kWh battery system weighing 3720 kg (8200 lb) -> 220 Wh/kg; design spec, not certified; Alice program paused 2025"
bs_r006,battery,specific_energy,235,,Wh/kg,,2023,announcement,product,,pack,Li-ion NMC pouch (Joby S4 production packs),joby_linkedin_2023,https://www.linkedin.com/posts/jobyaviation_we-recently-confirmed-the-performance-of-activity-7085672425111121920-bNdU,"Joby: 288 Wh/kg cells -> 235 Wh/kg certifiable aerospace-grade pack; >10,000 representative flight cycles in lab; cell-to-pack ratio 0.82 (derived)"
bs_r007,battery,specific_energy,288,,Wh/kg,,2023,announcement,product,,cell,Li-ion NMC pouch (Joby),joby_linkedin_2023,https://www.linkedin.com/posts/jobyaviation_we-recently-confirmed-the-performance-of-activity-7085672425111121920-bNdU,Cell level corresponding to 235 Wh/kg pack
bs_r008,battery,specific_energy,176,,Wh/kg,,2022,product,demonstrator,,pack,Li-ion (Beta Technologies Alia pack),beta_battery,https://beta.team/battery,255 kg pack at 176 Wh/kg per search summary of Beta battery page; pre-certification
bs_r009,battery,specific_energy,250,330,Wh/kg,,2028,roadmap,target,,pack,Li-ion (Heart Aerospace ES-30),heart_es30,https://www.flightglobal.com/airframers/heart-details-dimensions-of-es-30-as-swedish-start-up-pushes-ahead-with-30-seater/150231.article,Heart plans 250-330 Wh/kg at pack level at type certification (year approx; TC timeline has slipped)
bs_r010,battery,specific_energy,196,,Wh/kg,,2021,product,product,,pack,Li-ion (Electroflight SEED module),electroflight_seed,https://www.aerospacetestinginternational.com/news/electric-hybrid/electroflight-launch-battery-for-pre-certification-aviation-development.html,"4.3 kWh modular energy storage unit for pre-certification development, 196 Wh/kg; year approx"
bs_r011,battery,specific_energy,140,,Wh/kg,,2022,review,state_of_art,,pack,"Li-ion (eVTOL system level, Electroflight)",leeham_evtol_batteries,https://leehamnews.com/2022/08/19/bjorns-corner-sustainable-air-transport-part-33p-evtol-batteries/,System-level specific energy ~140 Wh/kg for Electroflight-type eVTOL packs (incl. structure/cooling); attribution per search summary
bs_r012,battery,specific_energy,405,,Wh/kg,,2023,product,product,,cell,Li-metal pouch 20 Ah (Cuberg/Northvolt),cuberg_2023,https://www.electrive.com/2023/04/25/northvolt-launches-aviation-battery-system-development-via-cuberg/,Commercial-format cell shipped to customers; Cuberg closed Aug 2024 (Northvolt bankruptcy)
bs_r013,battery,specific_energy,280,,Wh/kg,,2023,announcement,demonstrator,,pack,Li-metal (Cuberg aviation module),cuberg_2023,https://www.electrive.com/2023/04/25/northvolt-launches-aviation-battery-system-development-via-cuberg/,"MODULE level 280 Wh/kg, 320 Wh/L from 405 Wh/kg cells -> cell-to-module 0.69 (derived)"
bs_r014,battery,specific_energy,450,,Wh/kg,,2025,product,product,,cell,Si-anode Li-ion (Amprius SiCore),amprius_sicore_2025,https://ir.amprius.com/news-events/press-releases/detail/129/amprius-launches-sicore-450-whkg-high-energy-cell-with-near-term-mass-production-capability-to-scale,"Launched 24 Apr 2025, up to 950 Wh/L; targeted at HAPS/UAV/aviation; low power/cycle-life relative to eVTOL needs"
bs_r015,battery,specific_energy,500,,Wh/kg,,2025,announcement,demonstrator,,cell,Si-anode Li-ion (Amprius SiMaxx),amprius_sicore_2025,https://www.ainonline.com/aviation-news/futureflight/2025-04-30/amprius-launches-higher-energy-sicore-batteries-aircraft,"Third-party validated 500 Wh/kg, 1300 Wh/L cell"
bs_r016,battery,specific_energy,500,,Wh/kg,,2023,announcement,claim,,cell,Semi-solid 'condensed matter' (CATL),catl_condensed_2023,https://www.pv-magazine.com/2023/04/21/catl-launches-500-wh-kg-condensed-matter-battery/,"Announced Auto Shanghai Apr 2023, 'up to 500 Wh/kg'; aviation first; COMAC agreement; no aviation pack value published"
bs_r017,battery,specific_energy,350,,Wh/kg,,2026,announcement,demonstrator,,cell,"Li-ion prismatic (CATL aviation, Autoflight eVTOL)",cnevpost_catl_2026,https://cnevpost.com/2026/08/09/catl-aviation-battery-clears-key-safety-test/,Aug 2026: aviation battery system with 350 Wh/kg prismatic cells passed adjacent-cell thermal-runaway propagation test witnessed by CAAC; ready for mass production; pack value not disclosed
bs_r018,battery,specific_energy,280,320,Wh/kg,,2026,review,state_of_art,,cell,Li-ion (typical eVTOL cells),carnewschina_catl_2026,https://carnewschina.com/2026/08/11/catls-350-wh-kg-cell-achieved-aviation-grade-safety-standard/,Vast majority of eVTOLs use cells of 280-320 Wh/kg
bs_r019,battery,specific_energy,280,320,Wh/kg,,2026,review,claim,,pack,Li-ion (practical 2026 benchmark),pfs_battery_2026,https://pfs-battery.com/commercial-electric-aircraft-design-trends/,Industry blog (low credibility): pack 280-320 Wh/kg with cells >350 Wh/kg as 2026 practical benchmark
bs_r020,battery,specific_energy,250,,Wh/kg,,2026,review,claim,,pack,Li-ion (DO-311A compliant),pfs_battery_2026,https://pfs-battery.com/battery-technologies-electric-aircraft-comparison/,Industry blog (low credibility): DO-311A fire containment can reduce a 500 Wh/kg cell to ~250 Wh/kg pack (cell-to-pack 0.5)
bs_r021,battery,specific_energy,200,,Wh/kg,,2019,study,state_of_art,,pack,Li-ion,schafer_2019,https://ideas.repec.org/a/nat/natene/v4y2019i2d10.1038_s41560-018-0294-x.html,Schafer et al. 2019 Nature Energy 4:160-166: current pack ~200 Wh/kg
bs_r022,battery,specific_energy,800,,Wh/kg,,2050,study,projection,,pack,advanced chemistry,schafer_2019,https://ideas.repec.org/a/nat/natene/v4y2019i2d10.1038_s41560-018-0294-x.html,Schafer et al. 2019: 4x increase to 800 Wh/kg pack enables 500 nmi flights; year is approximate scenario horizon (paper considers ~2035-2050)
bs_r023,battery,specific_energy,400,,Wh/kg,,2022,review,target,,pack,Li-ion/next-gen,viswanathan_2022,https://aionics.io/perspective-on-electric-aviation-led-by-chief-scientist-viswanathan-published-in-nature/,Viswanathan et al. 2022 Nature 601:519: >400 Wh/kg pack needed for UAM; commuter aircraft need >=3x (>=1200 Wh/kg)
bs_r024,battery,specific_energy,1200,,Wh/kg,,2022,review,target,,pack,beyond Li-ion,viswanathan_2022,https://aionics.io/perspective-on-electric-aviation-led-by-chief-scientist-viswanathan-published-in-nature/,DERIVED: 'at least three times' 400 Wh/kg requirement for commuter/regional; year = publication
bs_r025,battery,specific_energy,600,,Wh/kg,,2030,review,projection,,pack,next-gen (e.g. Li-metal),viswanathan_2022,https://aionics.io/perspective-on-electric-aviation-led-by-chief-scientist-viswanathan-published-in-nature/,Packs of 600 Wh/kg could be commercialized by 2030 with adequate support (optimistic)
bs_r026,battery,specific_energy,600,,Wh/kg,,2020,study,target,,pack,requirement regional,bills_2020,https://pubs.acs.org/doi/10.1021/acsenergylett.9b02574,Bills et al. 2020 ACS Energy Lett 5:663: requirement to electrify regional aircraft
bs_r027,battery,specific_energy,820,,Wh/kg,,2020,study,target,,pack,requirement narrow-body,bills_2020,https://pubs.acs.org/doi/10.1021/acsenergylett.9b02574,Requirement narrow-body
bs_r028,battery,specific_energy,1280,,Wh/kg,,2020,study,target,,pack,requirement wide-body,bills_2020,https://pubs.acs.org/doi/10.1021/acsenergylett.9b02574,Requirement wide-body
bs_r029,battery,specific_energy,489,,Wh/kg,,2030,projection,projection,,cell,rechargeable (nominal),nasa_2022_battery_proj,https://ntrs.nasa.gov/api/citations/20220005588/downloads/Final Paper - Battery Key Performance Projections based on Historical Trends and Chemistries.pdf,NASA NTRS 20220005588 nominal cell-level projection (historical trend)
bs_r030,battery,specific_energy,638,,Wh/kg,,2040,projection,projection,,cell,rechargeable (nominal),nasa_2022_battery_proj,https://ntrs.nasa.gov/api/citations/20220005588/downloads/Final Paper - Battery Key Performance Projections based on Historical Trends and Chemistries.pdf,NASA nominal cell-level 2040
bs_r031,battery,specific_energy,764,,Wh/kg,,2050,projection,projection,,cell,rechargeable (nominal),nasa_2022_battery_proj,https://ntrs.nasa.gov/api/citations/20220005588/downloads/Final Paper - Battery Key Performance Projections based on Historical Trends and Chemistries.pdf,NASA nominal cell-level 2050; pack would be ~0.65-0.8x (see cell-to-pack rows)
bs_r032,battery,specific_energy,300,,Wh/kg,,2030,study,projection,,pack,Li-ion,icct_2022,https://theicct.org/wp-content/uploads/2022/07/global-aviation-performance-analysis-regional-electric-aircraft-jul22-1.pdf-1.pdf,ICCT July 2022 regional electric aircraft white paper assumption
bs_r033,battery,specific_energy,500,,Wh/kg,,2050,study,projection,,pack,advanced Li,icct_2022,https://theicct.org/wp-content/uploads/2022/07/global-aviation-performance-analysis-regional-electric-aircraft-jul22-1.pdf-1.pdf,ICCT 2050 assumption
bs_r034,battery,specific_energy,225,,Wh/kg,,2030,roadmap,projection,,pack,Li-ion (2nd-gen electric aircraft),iata_2023_tech,https://www.iata.org/contentassets/8d19e716636a47c184e7221c77563c93/aircraft-technology-net-zero-roadmap.pdf,IATA 2023 Aircraft Technology Net Zero Roadmap milestone: ~225 Wh/kg for 2nd-gen electric aircraft; mass scope and year not verified (PDF fetch blocked; from search summary)
bs_r035,battery,specific_energy,350,,Wh/kg,,2035,roadmap,projection,,pack,new chemistries,iata_2023_tech,https://www.iata.org/contentassets/8d19e716636a47c184e7221c77563c93/aircraft-technology-net-zero-roadmap.pdf,IATA: new chemistries enable >350 Wh/kg (lower bound); scope/year not verified
bs_r036,battery,specific_energy,450,,Wh/kg,,2030,study,target,,cell,Li-ion advanced (Elysian E9X),elysian_icas2024,https://elysianaircraft.com/wp-content/uploads/BatteryPerformanceMetricsForLargeElectricPassengerAircraft_ICAS.pdf,"Elysian ICAS 2024: 450 Wh/kg realistic target for 1st-gen large electric aircraft EIS 2030+, 800 km range; cell vs pack scope NOT verified"
bs_r037,battery,specific_energy,350,450,Wh/kg,,2026,review,target,,pack,Li-ion/Li-metal (regional target),pfs_battery_2026,https://pfs-battery.com/commercial-electric-aircraft-design-trends/,Industry blog: target pack 350-450 Wh/kg for regional flight (low credibility)
bs_r038,battery,specific_energy,500,,Wh/kg,,2025,review,projection,,pack,Li-S (practical maximum),li_s_review_2025,https://arxiv.org/pdf/2507.15075,"Practical max Li-S ~500 Wh/kg pack (theoretical cell 2567 Wh/kg); attribution among 2025 reviews (arXiv 2507.15075 / Appl. Energy 2025 / EES 2025) from search summary, not verified in full text"
bs_r039,battery,specific_energy,500,800,Wh/kg,,2025,review,projection,,cell,Li-air (practical),li_air_review_2025,https://arxiv.org/pdf/2507.15075,Practical Li-air cell 500-800 Wh/kg (theoretical ~3500 Wh/kg); poor rechargeability/cycle life; attribution unverified
bs_r040,battery,specific_energy,900,,Wh/kg,,2025,study,target,,pack,requirement regional (Li-air context),li_air_review_2025,https://arxiv.org/pdf/2507.15075,~900 Wh/kg pack needed for regional aircraft to cover ~60% of passenger-nm; wide-body not feasible; attribution unverified
bs_r041,airframe,structural_weight_factor,80,,%,,2011,flight,certified,,structure,CFRP airframe ~50% composite by weight (B787 vs aluminium),boeing787_migflug,https://migflug.com/afterburner/why-airliners-carbon-fiber-composite-vs-aluminium/,"Boeing says ~20% weight reduction vs conventional aluminium construction (secondary source); baseline = aluminium predecessor, not 2020 tech"
bs_r042,airframe,structural_weight_factor,75,80,%,,2015,review,certified,,structure,CFRP airframes (B787/A350 vs predecessors),planefyi_weight,https://planefyi.com/guides/sustainable-aviation/aircraft-weight-reduction/,Low-credibility aggregator: 787/A350 ~20-25% weight reduction vs predecessors; scope (structure vs OEW) ambiguous
bs_r043,airframe,empty_weight_factor,80,,%,,2015,review,certified,,oew,CFRP airframes,planefyi_weight,https://planefyi.com/glossary/composite-revolution/,Low-credibility aggregator claims ~20% OEW reduction vs equivalent aluminium design; likely conflates structural with OEW - treat with caution
bs_r044,airframe,structural_weight_factor,85,,%,,2011,study,projection,,structure,Advanced composites wing (NASA N+3),raymer_2011_n3,https://ntrs.nasa.gov/api/citations/20110023431/downloads/20110023431.pdf,Raymer 2011 NASA N+3 study: weight reduction factor 15% wing for next-gen composites (baseline 2010-era); target year ~2030-2035
bs_r045,airframe,structural_weight_factor,82,,%,,2011,study,projection,,structure,Advanced composites fuselage (NASA N+3),raymer_2011_n3,https://ntrs.nasa.gov/api/citations/20110023431/downloads/20110023431.pdf,18% fuselage; 20% canard and pylon
bs_r046,airframe,empty_weight_factor,70,,%,,2035,study,projection,,oew,N+3 integrated technologies,raymer_2011_n3,https://ntrs.nasa.gov/api/citations/20110023431/downloads/20110023431.pdf,"70% fuel reduction attainable with ~30% improvement in each of parasitic drag, induced drag, empty weight and SFC - illustrative, not a firm EW projection"
bs_r047,airframe,structural_weight_factor,90,,%,,2024,flight,demonstrator,,structure,"Thermoplastic welded fuselage (Airbus MFFD, Clean Sky 2)",fraunhofer_mffd,https://www.ifam.fraunhofer.de/en/Press_Releases/new-architecture-for-automated-production-thermoplastic-aircraft-fuselage.html,"Ground demonstrator (not flown): almost rivetless fuselage section, ~10% weight reduction vs status quo; reportedly overachieved target at neutral cost; component scope (fuselage barrel)"
bs_r048,airframe,structural_weight_factor,75,,%,,2025,roadmap,target,,structure,Aerostructures (ATI UK roadmap),ati_aerostructures_2021,https://www.ati.org.uk/wp-content/uploads/2021/08/Aerostructures-Roadmap-ATI.pdf,"ATI roadmap: airframe weight reduction 25% on average 2020-2025; baseline unclear (likely metallic legacy), from search summary"
bs_r049,airframe,structural_weight_factor,70,,%,,2030,roadmap,target,,structure,Aerostructures (ATI UK roadmap),ati_aerostructures_2021,https://www.ati.org.uk/wp-content/uploads/2021/08/Aerostructures-Roadmap-ATI.pdf,30% average 2025-2030; baseline unclear
bs_r050,airframe,structural_weight_factor,65,,%,,2035,roadmap,target,,structure,Aerostructures (ATI UK roadmap),ati_aerostructures_2021,https://www.ati.org.uk/wp-content/uploads/2021/08/Aerostructures-Roadmap-ATI.pdf,"35% average 2030-2035+; baseline unclear - if vs metallic, implies ~10-15% vs 2020 composite tech (DERIVED inference)"
bs_r051,airframe,structural_weight_factor,91,,%,,2016,study,demonstrator,,structure,Stitched composite PRSEUS wing (NASA ERA/Boeing),nasa_prseus,https://ntrs.nasa.gov/api/citations/20160006012/downloads/20160006012.pdf,~9% saving vs blade-stiffened composite wing (i.e. vs modern composite baseline); exact NTRS doc among search results unverified
bs_r052,airframe,structural_weight_factor,51,71,%,,2016,study,demonstrator,,structure,PRSEUS wing covers vs metallic,nasa_prseus,https://ntrs.nasa.gov/api/citations/20160006012/downloads/20160006012.pdf,"Lower cover 49% / upper cover 29% lighter than equivalent metallic wing (component, not whole structure)"
fs_r001,lh2_fuel_system,mass_ratio,0.325,,kg/kg LH2,,2026,tech_year,projection,design-mission LH2 mass,"fuel system equipment + pipework + active cooling if fitted, excl. empty tanks","FlyZero regional, aluminium tanks",flyzero_cryo,https://www.ati.org.uk/wp-content/uploads/2022/03/FZO-PPN-COM-0027-Cryogenic-Hydrogen-Fuel-System-and-Storage-Roadmap-Report.pdf,"DERIVED: (1/GI_total - 1) - sum(m_tank)/m_LH2 using FlyZero total GI 0.47 and tank GIs [0.57, 0.54] from existing dataset; fuel-system share of (tanks+fuel system) mass = 0.29. Confidence medium."
fs_r002,lh2_fuel_system,mass_ratio,0.278,,kg/kg LH2,,2030,tech_year,projection,design-mission LH2 mass,"fuel system equipment + pipework + active cooling if fitted, excl. empty tanks","FlyZero regional, composite tanks",flyzero_cryo,https://www.ati.org.uk/wp-content/uploads/2022/03/FZO-PPN-COM-0027-Cryogenic-Hydrogen-Fuel-System-and-Storage-Roadmap-Report.pdf,"DERIVED: (1/GI_total - 1) - sum(m_tank)/m_LH2 using FlyZero total GI 0.61 and tank GIs [0.75, 0.72] from existing dataset; fuel-system share of (tanks+fuel system) mass = 0.44. Confidence medium."
fs_r003,lh2_fuel_system,mass_ratio,0.201,,kg/kg LH2,,2050,tech_year,projection,design-mission LH2 mass,"fuel system equipment + pipework + active cooling if fitted, excl. empty tanks","FlyZero regional, composite tanks, improved foam",flyzero_cryo,https://www.ati.org.uk/wp-content/uploads/2022/03/FZO-PPN-COM-0027-Cryogenic-Hydrogen-Fuel-System-and-Storage-Roadmap-Report.pdf,"DERIVED: (1/GI_total - 1) - sum(m_tank)/m_LH2 using FlyZero total GI 0.64 and tank GIs [0.75, 0.72] from existing dataset; fuel-system share of (tanks+fuel system) mass = 0.36. Confidence medium."
fs_r004,lh2_fuel_system,mass_ratio,0.184,,kg/kg LH2,,2026,tech_year,projection,design-mission LH2 mass,"fuel system equipment + pipework + active cooling if fitted, excl. empty tanks","FlyZero narrowbody, aluminium tanks",flyzero_cryo,https://www.ati.org.uk/wp-content/uploads/2022/03/FZO-PPN-COM-0027-Cryogenic-Hydrogen-Fuel-System-and-Storage-Roadmap-Report.pdf,"DERIVED: (1/GI_total - 1) - sum(m_tank)/m_LH2 using FlyZero total GI 0.58 and tank GIs [0.67, 0.63] from existing dataset; fuel-system share of (tanks+fuel system) mass = 0.25. Confidence medium."
fs_r005,lh2_fuel_system,mass_ratio,0.163,,kg/kg LH2,,2030,tech_year,projection,design-mission LH2 mass,"fuel system equipment + pipework + active cooling if fitted, excl. empty tanks","FlyZero narrowbody, composite tanks",flyzero_cryo,https://www.ati.org.uk/wp-content/uploads/2022/03/FZO-PPN-COM-0027-Cryogenic-Hydrogen-Fuel-System-and-Storage-Roadmap-Report.pdf,"DERIVED: (1/GI_total - 1) - sum(m_tank)/m_LH2 using FlyZero total GI 0.66 and tank GIs [0.76, 0.72] from existing dataset; fuel-system share of (tanks+fuel system) mass = 0.32. Confidence medium."
fs_r006,lh2_fuel_system,mass_ratio,0.115,,kg/kg LH2,,2050,tech_year,projection,design-mission LH2 mass,"fuel system equipment + pipework + active cooling if fitted, excl. empty tanks","FlyZero narrowbody, composite tanks, improved foam",flyzero_cryo,https://www.ati.org.uk/wp-content/uploads/2022/03/FZO-PPN-COM-0027-Cryogenic-Hydrogen-Fuel-System-and-Storage-Roadmap-Report.pdf,"DERIVED: (1/GI_total - 1) - sum(m_tank)/m_LH2 using FlyZero total GI 0.69 and tank GIs [0.77, 0.73] from existing dataset; fuel-system share of (tanks+fuel system) mass = 0.26. Confidence medium."
fs_r007,lh2_fuel_system,mass_ratio,0.17,,kg/kg LH2,,2026,tech_year,projection,design-mission LH2 mass,"fuel system equipment + pipework + active cooling if fitted, excl. empty tanks","FlyZero midsize, aluminium tanks",flyzero_cryo,https://www.ati.org.uk/wp-content/uploads/2022/03/FZO-PPN-COM-0027-Cryogenic-Hydrogen-Fuel-System-and-Storage-Roadmap-Report.pdf,"DERIVED: (1/GI_total - 1) - sum(m_tank)/m_LH2 using FlyZero total GI 0.58 and tank GIs [0.82, 0.45, 0.45] from existing dataset; fuel-system share of (tanks+fuel system) mass = 0.24. Confidence low (tank split estimated)."
fs_r008,lh2_fuel_system,mass_ratio,0.127,,kg/kg LH2,,2030,tech_year,projection,design-mission LH2 mass,"fuel system equipment + pipework + active cooling if fitted, excl. empty tanks","FlyZero midsize, composite tanks",flyzero_cryo,https://www.ati.org.uk/wp-content/uploads/2022/03/FZO-PPN-COM-0027-Cryogenic-Hydrogen-Fuel-System-and-Storage-Roadmap-Report.pdf,"DERIVED: (1/GI_total - 1) - sum(m_tank)/m_LH2 using FlyZero total GI 0.72 and tank GIs [0.89, 0.65, 0.65] from existing dataset; fuel-system share of (tanks+fuel system) mass = 0.33. Confidence low (tank split estimated)."
fs_r009,lh2_fuel_system,mass_ratio,0.088,,kg/kg LH2,,2050,tech_year,projection,design-mission LH2 mass,"fuel system equipment + pipework + active cooling if fitted, excl. empty tanks","FlyZero midsize, composite tanks, improved foam",flyzero_cryo,https://www.ati.org.uk/wp-content/uploads/2022/03/FZO-PPN-COM-0027-Cryogenic-Hydrogen-Fuel-System-and-Storage-Roadmap-Report.pdf,"DERIVED: (1/GI_total - 1) - sum(m_tank)/m_LH2 using FlyZero total GI 0.75 and tank GIs [0.9, 0.66, 0.66] from existing dataset; fuel-system share of (tanks+fuel system) mass = 0.26. Confidence low (tank split estimated)."
fs_r010,lh2_fuel_system,mass_ratio,0.12,,kg/kg LH2,,2025,publication,design_study,"usable LH2 (875 kg/tank, 2 tanks)","heat exchangers + thermal management/circulation devices + working fluids (pump-free, pressure-fed), excl. tank","IZEA BWB >100 pax, superconducting electric powertrain; LH2 also used as coolant",izea2025,https://www.sciencedirect.com/science/article/pii/S0306261925007846,DERIVED from IZEA tank GI 0.67 and system GI 0.62 (rows IZ25-tank / IZ25-system in existing dataset): (1/0.62-1)-(1/0.67-1). Share of (tank+system) mass = 0.20. Pump-free architecture so lower bound for pumped systems.
fs_r011,lh2_fuel_system,mass_ratio,0.026,,kg/kg LH2,,2009,publication,design_study,LH2 capacity 2 x 1323 lb,"2 feed pumps (20 lb) + 2 heat exchangers (50 lb) only; excludes lines, valves, vent, sensors",NASA GRC HALE UAV LH2 propellant feed system,nasa_hale2009,https://ntrs.nasa.gov/api/citations/20090013674/downloads/20090013674.pdf,DERIVED: 70 lb / 2646 lb. Partial scope; small-power (UAV) system so pumps/HX are light relative to large fuel load. Values read from search snippet of the NTRS report.
fs_r012,lh2_fuel_system,mass_ratio,0.833,,kg/kg LH2,,2029,tech_year,requirement,onboard LH2,piping + venting + conditioning (supply and conditioning system) excl. tank,regional fuel cell (Clean Aviation calls),ca_call_hpa02+ca_call_fta07,https://www.horizon-europe.gouv.fr/components-development-and-experimental-testing-onboard-liquid-hydrogen-supply-and-conditioning,"DERIVED upper budget: if tank GI = 0.40 (FTA-07 call minimum) and whole storage+supply+conditioning GI = 0.30 (HPA-02 call minimum), non-tank system may weigh up to (1/0.30-1)-(1/0.40-1). Two different calls; indicative only. Low confidence."
