parameter,source,year,value
battery_specific_energy,NASA,2035.0,500.0
battery_specific_energy,NASA,2040.0,750.0
emotor_specific_power,NASA,2022.0,2.0
emotor_specific_power,NASA,2035.0,13.0
emotor_specific_power,NASA,2035.0,16.0
fuelcell_efficiency,NASA,2035.0,55.2
electronics_specific_power,NASA,2035.0,13.0
electronics_specific_power,NASA,2040.0,19.0
electronics_specific_power,NASA,2050.0,26.0
battery_specific_energy,IATA,2020.0,200.0
battery_specific_energy,IATA,2030.0,225.0
battery_specific_energy,IATA,2035.0,400.0
lh2tank_gravimetric_index,IATA,2025.0,20.0
lh2tank_gravimetric_index,IATA,2035.0,35.0
lh2tank_gravimetric_index,IATA,2035.0,50.0
lh2tank_gravimetric_index,IATA,2050.0,70.0
fuelcell_specific_power,IATA,2025.0,4.0
fuelcell_specific_power,IATA,2040.0,8.0
fuelcell_specific_power,IATA,2050.0,10.0
struct_weight_factor,IATA,2030.0,86.0
struct_weight_factor,IATA,2030.0,80.0
struct_weight_factor,IATA,2030.0,88.0
struct_weight_factor,IATA,2030.0,83.0
struct_weight_factor,IATA,2030.0,90.0
struct_weight_factor,IATA,2050.0,80.0
struct_weight_factor,IATA,2050.0,72.0
struct_weight_factor,IATA,2050.0,68.0
struct_weight_factor,IATA,2050.0,70.0
struct_weight_factor,IATA,2050.0,83.0
struct_weight_factor,IATA,2050.0,73.0
struct_weight_factor,IATA,2050.0,61.0
battery_specific_energy,ATI,2025.0,220.0
emotor_specific_power,ATI,2026.0,13.0
emotor_specific_power,ATI,2035.0,23.0
emotor_specific_power,ATI,2050.0,25.0
lh2tank_gravimetric_index,ATI,2035.0,47.0
lh2tank_gravimetric_index,ATI,2035.0,58.0
lh2tank_gravimetric_index,ATI,2040.0,61.0
lh2tank_gravimetric_index,ATI,2040.0,66.0
lh2tank_gravimetric_index,ATI,2040.0,72.0
lh2tank_gravimetric_index,ATI,2050.0,64.0
lh2tank_gravimetric_index,ATI,2050.0,69.0
lh2tank_gravimetric_index,ATI,2050.0,75.0
fuelcell_specific_power,ATI,2025.0,1.5
fuelcell_specific_power,ATI,2030.0,2.0
fuelcell_specific_power,ATI,2035.0,2.5
fuelcell_specific_power,ATI,2050.0,5.0
fuelcell_efficiency,ATI,2025.0,60.0
fuelcell_efficiency,ATI,2030.0,65.0
fuelcell_efficiency,ATI,2035.0,70.0
fuelcell_efficiency,ATI,2050.0,75.0
electronics_specific_power,ATI,2026.0,8.92
electronics_specific_power,ATI,2030.0,20.0
electronics_specific_power,ATI,2050.0,30.0
struct_weight_factor,ATI,2025.0,80.0
struct_weight_factor,ATI,2030.0,75.0
struct_weight_factor,ATI,2035.0,70.0
struct_weight_factor,ATI,2050.0,60.0
battery_specific_energy,ICCT,2025.0,250.0
battery_specific_energy,ICCT,2030.0,300.0
battery_specific_energy,ICCT,2050.0,500.0
lh2tank_gravimetric_index,ICCT,2035.0,20.0
lh2tank_gravimetric_index,ICCT,2035.0,35.0
fuelcell_specific_power,ICCT,2035.0,1.0
fuelcell_specific_power,ICCT,2035.0,2.0
fuelcell_efficiency,ICCT,2035.0,45.0
fuelcell_efficiency,ICCT,2035.0,65.0
electronics_specific_power,ICCT,2025.0,8.0
battery_specific_energy,EASA,2022.0,210.0
emotor_specific_power,EASA,2022.0,2.537444933920705
emotor_specific_power,EASA,2022.0,1.2985865724381624
battery_specific_energy,Adler et al. (2025),2023.0,300.0
battery_specific_energy,Adler et al. (2025),2030.0,600.0
emotor_specific_power,Adler et al. (2025),2025.0,8.0
lh2tank_gravimetric_index,Adler et al. (2025),2035.0,50.0
fuelcell_specific_power,Adler et al. (2025),2035.0,2.0
fuelcell_specific_power,Adler et al. (2025),2050.0,6.0
fuelcell_efficiency,Adler et al. (2025),2035.0,60.0
fuelcell_efficiency,Adler et al. (2025),2050.0,75.0
