pathway,metric,value,value_high,unit,year,status,source,url,notes
electrolysis,specific_electricity,54.6,,kWh/kg H2,2025,commercial,Enagas hydrogen technology observatory (2025),https://www.enagas.es/content/dam/enagas/en/files/transicion-energetica/red-hidrogeno/observatorio-tecnologico-hidrogeno/summary-report-electrolysis-oth-eng-dic2025.pdf,"alkaline systems; 0.61 LHV (33.3 kWh/kg)"
electrolysis,specific_electricity,55.1,,kWh/kg H2,2025,commercial,Enagas hydrogen technology observatory (2025),https://www.enagas.es/content/dam/enagas/en/files/transicion-energetica/red-hidrogeno/observatorio-tecnologico-hidrogeno/summary-report-electrolysis-oth-eng-dic2025.pdf,"PEM systems; 0.60 LHV"
electrolysis,specific_electricity,53,,kWh/kg H2,2022,state_of_art,pv magazine / Hysata (2022),https://h2-tech.com/news/2022/03-2022/hysata-s-electrolyzer-breaks-efficiency-records/,"state-of-the-art commercial electrolyser; 0.63 LHV"
electrolysis,specific_electricity,42,,kWh/kg H2,2050,target,IRENA green hydrogen cost reduction (2020),https://taiyangnews.info/technology/green-hydrogen-for-below-1-50-kg-possible,"cell energy consumption target below 42 kWh/kg; 0.79 LHV"
electrolysis,efficiency,0.85,0.90,-,2030,target,Mitsubishi Heavy Industries SOEC,https://spectra.mhi.com/boosting-green-hydrogen-with-solid-oxide-electrolysis-cells,"SOEC efficiency up to 85 %, development target 90 % (with heat integration)"
electrolysis,efficiency,0.71,0.753,-,2025-2050,projection,Wallington et al. (2024) Joule,https://doi.org/10.1016/j.joule.2024.07.012,"values of the paper model (Mid)"
liquefaction,specific_electricity,11.9,,kWh/kg LH2,2013,commercial,IDEALHY (2013),https://www.idealhy.eu/uploads/documents/IDEALHY_XX_Energie-Symposium_2013_web.pdf,"Leuna plant; 0.36 MJ/MJ"
liquefaction,specific_electricity,12,15,kWh/kg LH2,2013,commercial,IDEALHY (2013),https://www.idealhy.eu/uploads/documents/IDEALHY_XX_Energie-Symposium_2013_web.pdf,"US plants; 0.36-0.45 MJ/MJ"
liquefaction,specific_electricity,6.4,,kWh/kg LH2,2013,design,IDEALHY final report,https://cordis.europa.eu/project/id/278177/reporting/de,"large-scale (50 t/d) process design from 20 bar; 0.19 MJ/MJ"
liquefaction,specific_electricity,2.7,,kWh/kg LH2,,theoretical,IDEALHY technology overview,https://www.idealhy.eu/uploads/documents/IDEALHY_D1-1_Report_Tech_Overview_and_Barriers_web2.pdf,"theoretical minimum; 0.08 MJ/MJ"
liquefaction,specific_electricity,7.3,5.2,kWh/kg LH2,2025-2050,projection,Wallington et al. (2024) Joule,https://doi.org/10.1016/j.joule.2024.07.012,"values of the paper model (Mid)"
power_to_liquid,efficiency,0.387,,-,2020,design,Fischer-Tropsch based power-to-liquid (Univ. Stuttgart / DLR),https://elib.uni-stuttgart.de/items/d2654996-4871-49fe-9bde-b4372d522af8/full,"maximum overall power-to-liquid efficiency with rWGS at 5 bar, 825 C"
power_to_liquid,efficiency,0.73,,-,2022,design,EUCASS 2022 (PtL e-kerosene),https://eucass.eu/doi/EUCASS2022-7340.pdf,"Fischer-Tropsch synthesis conversion efficiency; electrolysis about 70 %"
power_to_liquid,efficiency,0.53,0.594,-,2025-2050,projection,Wallington et al. (2024) Joule,https://doi.org/10.1016/j.joule.2024.07.012,"H2 to e-fuel efficiency of the paper model (Mid)"
